bp,co,no,no2,nox,out_rh,out_t,pm25t,uvpm,RAND
731.6,0.4737,9.7,11.7,21.4,56.7,0,11,925,0.581171367
734.7,0.3072,3.4,8,11.2,75.7,14.9,12,1348,0.371514033
737.1,0.4867,7.7,9.4,17.2,63,-5.5,5,630,0.024055727
732.8,0.4287,8.2,11.2,19.5,61.1,0,8,806,0.218270503
733.8,0.4856,3.5,5.3,8.8,64.4,19.4,5,738,0.526330317
727.9,0.4034,1.8,7.8,9.7,68.6,21.2,12,1194,0.585047248
727.4,0.4016,6.2,10.5,16.8,79.8,19.7,10,1155,0.688041736
738.5,0.39,9.1,15.5,24.7,75,-11.6,22,1111,0.626172061
734.9,0.7144,3.4,8.9,12.4,69.2,24,16,1784,0.564299417
723,0.4919,1.8,13.6,15.4,66.8,0.2,12,1066,0.526207887
718.3,0.2884,4.7,9.8,14.5,85.7,1.4,9,673,0.124199545
733.3,0.2516,0.8,5.6,6.5,75.8,24.9,10,760,0.183779281
738.2,0.4646,7.2,7.6,14.8,56.2,-1.1,3,536,0.247336035
731.1,0.6948,16.8,17.4,34.3,78.9,5.4,27,1804,0.064398846
725.6,0.2802,2.2,5.9,8.2,43.8,15.2,6,466,0.715661236
735.3,0.768,6,22.8,28.9,76.4,-0.6,20,1845,0.970252636
726.7,0.4823,5.9,9.3,15.3,66.9,17.5,8,985,0.634571034
723.2,0.4787,5.8,12.9,18.8,81.5,12.6,11,1661,0.580744527
731.1,0.4043,4,10.2,14.3,82.6,22.7,12,1529,0.70098629
728.7,0.4857,2.5,9,11.7,74.2,23.8,15,1488,0.275493242
727.4,0.4653,2.7,11.6,14.2,84.9,23,13,1605,0.90594345
722.7,0.5153,7.3,8.8,16.3,81.3,19.4,6,1046,0.21124906
726.9,0.363,4,7.9,12,71.7,0.2,9,554,0.221065273
723.5,0.31,5.1,7.3,12.6,73.4,3,7,543,0.596675047
728.1,0.5303,1.5,12.9,14.4,58.1,24.7,19,1603,0.185074368
726.7,0.3941,1.5,5.7,7.4,69.3,20.7,7,648,0.647322032
729.2,0.3068,4.9,8.2,13.1,63.2,12.6,4,654,0.192987371
726.1,0.2379,0.6,6.8,7.4,67.5,1.6,7,544,0.540255429
730.3,0.5769,10.4,11.5,22,58.5,16.7,7,1186,0.553623803
737.5,0.6198,14.4,13.2,27.7,67.8,8.4,5,1076,0.970099908
721,0.2852,6,9.9,16,74.6,-2.1,8,805,0.654276788
729.5,0.4226,9.3,12.7,22.1,67.9,3.7,11,1009,0.087059125
736.4,0.2759,2.1,12.7,14.9,59.6,-3.5,9,1153,0.46068433
728.8,0.5854,3.8,13.2,16.8,64.2,26.5,13,1526,0.231500469
725.8,0.221,2.5,9.9,12.6,59.9,-1.8,11,727,0.566042457
735.8,0.442,14.6,21.5,35.3,73.5,-9.8,14,1463,0.877131667
731.3,0.4536,0.8,8.6,9.5,71.8,19.4,14,1530,0.245448667
737.5,0.6598,6.6,7.5,14.2,69.9,15.2,6,1151,0.07744534
730.4,0.3112,2,7.5,9.4,73.9,26.6,12,1053,0.867370515
730.4,0.4627,8.5,11.5,20.1,81.8,17.8,15,1671,0.114931246
725.6,0.293,5.8,7.2,13.1,73.6,-0.1,5,414,0.828153832
729.2,0.4762,8.4,10.3,18.8,61.1,20.9,7,998,0.508204195
740.1,0.3018,5.2,15.7,21,69.5,-2.2,12,926,0.341615387
723.6,0.2706,2.9,12.4,15.4,88.7,8.4,10,1065,0.640912379
729,0.3895,3.3,9.3,12.3,79.9,24.1,9,1208,0.517095695
730.3,0.4078,1,10.1,11.2,64.8,16.9,14,1397,0.034381289
731.3,0.3925,6.1,11.3,17.5,75.8,1,11,871,0.90929441
722.8,0.4678,8.3,11.1,19.5,67.2,13.5,5,892,0.200363439
732,0.4699,0.7,7,7.8,79.5,23.9,21,1282,0.673131557
727.1,0.5182,6.3,9.3,15.6,66.9,25.8,10,1133,0.849768293
728.9,0.4783,2.3,9.4,11.7,71.5,23.9,13,1299,0.113972684
734,0.5313,10.7,9.7,20.6,75.5,10,5,566,0.118354782
726.8,0.5067,3.5,9.3,12.9,71.9,23,10,1169,0.425565615
732.4,0.9741,7.8,10.9,18.8,63.9,18.4,22,2528,0.952202436
729.2,0.2634,1.5,5.4,6.8,69.9,27.1,15,1036,0.492481554
721.3,0.4648,6.2,10.3,16.6,77.6,6.6,12,1165,0.010559283
730.2,0.3457,10.8,14.1,25,79.5,-0.4,9,870,0.626229072
734.2,0.5161,12.5,9.7,22.3,68.9,19.2,5,1034,0.466358513
731.5,0.5753,9.8,12,21.9,53.9,16.8,5,981,0.002899194
737.7,0.4837,3.4,8,11.5,62.5,2.8,6,689,0.706466756
723.8,0.3361,2.4,4.5,7,58.5,9.4,4,305,0.583891683
729.5,0.6098,11.5,12.8,24.5,79.5,18.2,11,1774,0.283419323
716.2,0.4263,6.9,8.3,15.3,82.2,15.2,3,760,0.728957787
731.3,0.3086,3,5.8,8.8,68.8,25.8,10,1074,0.417116668
732.3,0.526,11.7,8.2,20,88.3,15.7,3,820,0.111470584
724.9,0.4368,3.4,10.2,13.6,76.7,19.1,12,1193,0.295971392
728.3,0.3052,3.1,6,9.2,74.6,-3.9,9,410,0.278922717
730.2,0.8821,2.8,11.2,14.1,72.6,23.5,15,1254,0.923344408
732.2,0.7343,5.5,13.6,19.2,63.4,22.5,9,1458,0.521430299
737.9,0.7062,12.4,21.4,33.9,56.9,-10.7,22,1786,0.866119043
726.2,0.3373,0.9,6.1,7.1,84,21.5,7,825,0.654231304
734.9,0.609,5.9,9.9,15.9,78.7,3.3,13,935,0.819670206
730.5,0.351,1.8,8.9,10.8,73.9,26.2,10,1320,0.024605654
723.1,0.4642,8.7,11.4,20.1,89.5,1.9,7,777,0.563556105
729.1,0.4567,7.4,14.6,22.5,62.5,5.2,9,965,0.444172462
730.9,0.3964,4.5,8.1,12.7,84,1.8,5,479,0.73089448
730.4,0.3607,8.9,9,18,73.4,3.1,5,684,0.211816616
727.8,0.3274,1.3,7.3,8.7,74.3,19.7,12,1249,0.805500704
728.2,0.3002,2.2,6,8.3,64.2,12.8,7,792,0.077937232
721.2,0.5151,3.6,10.6,14.3,70.6,15.3,14,1244,0.076678715
735.4,1.2975,15.1,23.1,38.3,69.8,3.9,24,3049,0.277640003
728.7,0.5169,1.7,7.7,9.5,72,25.7,20,1888,0.137415702
730.3,0.4994,3.4,8.2,11.7,57.3,20.4,7,874,0.631656297
728.6,0.503,3.7,11.7,15.6,76.2,-0.3,18,1035,0.498593761
733.3,0.3302,4.6,10.1,14.8,71.2,15.3,13,1263,0.061760758
730.6,0.6381,10.9,11.3,22.3,56.9,24.1,11,1233,0.66727706
739.9,0.4881,5.1,10.3,15.6,59.3,17.8,8,984,0.646780177
731.2,0.1999,0.6,3.7,4.3,68.8,25.6,9,555,0.98083665
730.2,0.3215,4.2,9.2,13.5,56.3,18.4,5,726,0.831550285
728.6,0.4908,3.5,10.9,14.6,64.2,12.4,17,1503,0.101146076
738.2,0.455,8.4,11.3,19.7,52.1,11.8,6,1023,0.408910229
740.7,0.4422,3.3,17.8,21.2,57.2,-7.3,12,1403,0.568518468
727.6,0.2895,0.8,5.1,6,88.4,20.6,6,650,0.836860888
734.9,0.2792,1.2,9.4,10.8,60.7,-5.3,8,781,0.443046118
727.9,0.6337,6.6,6.4,13.1,72.6,19.8,4,779,0.567952715
735.2,0.2733,3.3,14.9,18.3,60.8,-10.3,9,1082,0.522323145
734.1,0.7253,3.1,9,12,55.8,25,15,1615,0.053478437
731.4,1.0786,12.8,16.4,29.2,72.7,23.4,23,3542,0.837188871
728,0.6172,14.4,13.6,28,88.9,10.5,12,1330,0.853585647
731.9,0.551,9.5,11.4,21,70.2,22.3,11,1507,0.850583091
732.9,0.4345,4.2,15.5,19.8,67.5,0.6,15,1725,0.79296442
728.9,0.3069,4.6,9.2,13.9,60.6,4.2,6,537,0.78384923
734,0.7606,3.5,11.9,15.5,60.6,24,13,1583,0.3295194
731.7,0.4171,5.7,9.5,15.3,51.5,2.9,7,586,0.130379351
734.2,0.7157,15,17.9,33.1,65.9,10.2,23,2435,0.908949166
727.2,0.1332,0.6,2.8,3.4,72.5,25.3,6,483,0.675185504
730.9,0.6072,12,14.1,26.2,74.2,0.5,6,846,0.86323189
736.6,0.4841,3.4,6,9.5,57.7,21.2,6,705,0.424818131
735.1,0.5113,10.3,9.7,20.1,72.3,6.1,3,764,0.721796808
727.7,0.2861,2,7.2,9.3,66.4,-0.7,11,577,0.132314607
730.7,0.7029,11.4,12.7,24.2,66.2,20.9,11,1390,0.600428397
730.6,0.3755,2.5,6.7,8.4,85.4,24.4,6,825,0.316356272
725.8,0.3551,4.1,5.9,9.8,75.3,-0.3,5,372,0.889409021
728.6,0.7787,3.3,11.1,14.5,66.8,23,13,1682,0.677683169
720.7,0.6411,16.9,15.9,32.9,82,12.5,9,1462,0.680774771
733.8,0.7622,5.8,17.8,23.7,55.2,12.9,11,1704,0.885468593
728,0.3324,2.7,8.4,11,78.9,19.1,11,1056,0.496560835
728.6,0.3128,1.4,6.9,8.4,84.3,22.7,10,865,0.056637518
730,1.0614,21.4,27.6,49.1,58.6,5.8,21,3008,0.388377959
725.8,0.246,2.1,7.7,9.8,67.6,23.5,13,1007,0.069555737
727.3,0.4711,6.2,12,18.3,85.7,13.2,12,1302,0.827541944
728.3,0.3008,6.4,7.9,14.4,75.4,-4.5,5,541,0.694612564
722.2,0.2949,3.4,9.6,13,78.5,1.3,7,625,0.118004599
737.4,0.4873,8.7,10.8,19.5,59.3,15.9,7,1141,0.137562433
734.2,0.3813,1.8,7.8,9.4,70.2,23.3,12,1371,0.144206717
737,0.3945,7.8,17.4,25.3,62.5,-10.8,12,987,0.871156027
729.5,0.3288,2.5,7.8,10.4,69.9,23.2,12,955,0.504933985
729.7,0.5601,14.9,13.1,28.2,73.2,1,4,769,0.231917215
726.9,0.4156,4.1,8.5,12.7,65.6,24,5,935,0.873462311
731.3,0.5452,13.1,8.5,21.7,86.2,17.5,1,975,0.511421205
726.9,0.3194,2,7,9.1,81.1,22.6,10,1016,0.981728518
729.6,0.382,1.3,6.7,8.1,58.8,26.2,13,868,0.065041739
728.1,0.6149,3.5,10.6,14.3,74.5,23.7,17,1901,0.879029178
731.3,0.5059,10.2,13.6,23.9,64.2,0.4,6,775,0.518961927
731,0.4826,6.7,10.9,17.2,76,16.5,9,1317,0.808317204
730.8,0.2111,2.4,6.3,8.7,88,11.5,4,387,0.231348734
717.9,0.2284,3,6.7,9.8,85.1,5.7,3,356,0.408822202
734.3,0.6419,4,16,20,53.4,1.5,13,1363,0.398353158
731.4,0.7294,4.5,17,21.6,55.2,22,26,1946,0.033503668
736.2,0.5283,12.1,11.2,23.4,68,10.3,12,1828,0.062690495
733.9,0.2366,2.2,9.3,11.6,75.9,8.1,10,621,0.575395901
727.1,0.3464,1.2,5.5,6.8,75.9,21.1,16,1442,0.360986533
730.5,0.4297,7.6,10.7,18.4,38.7,9.7,5,866,0.178431117
723.5,0.3478,10.2,7.7,18,94.2,11.7,2,821,0.667567242
729.6,0.3204,0.6,8.3,9.1,85.6,12,11,1130,0.990778009
736.5,0.4886,7,10,17.1,58.2,1.7,9,706,0.772170354
733.3,0.2335,1.1,7,8.1,58.4,20.3,10,1097,0.694466561
724.1,0.3185,5.5,9.3,14.9,68.4,-2.9,11,602,0.129524362
722.2,0.2099,1.6,4.9,6.5,89.1,7.8,6,417,0.940234298
735.7,0.5418,5.6,14,19.6,43.7,5.5,11,1020,0.504466401
732.1,0.2133,1.7,5.7,7.5,62.1,12.9,13,568,0.118377998
729.7,0.4704,11.7,13.6,25.3,85.1,2.2,10,1058,0.550548995
729,0.4093,4.9,8.1,13.1,96,8.2,8,791,0.751793788
726.1,0.4591,7.9,12.7,20.7,95.2,7.1,9,1090,0.591483252
732.2,0.4855,18.1,13.5,31.6,82.8,2.9,13,1372,0.640977387
730,0.7128,16.8,16.5,33.4,89.5,1.6,16,1373,0.270124686
733.6,0.4953,8.8,13.3,22.2,68.2,23.1,11,1686,0.771318279
724.9,0.2959,2,6,8.2,87.2,1.2,3,321,0.473908691
727.6,0.4274,6.9,13.7,20.7,53.2,22.8,10,1400,0.0656779
724.1,0.3414,4.4,6.2,10.6,76.1,9.6,6,538,0.182980501
735.5,0.1897,1.7,8.6,10.3,69.2,5.5,7,936,0.008205418
725,0.4819,12.5,14.8,27.4,68,13.9,11,1418,0.533933681
739.2,0.4909,12.5,11.8,24.4,61.3,0,6,880,0.099317764
729.2,0.3592,4.2,8.6,12.5,83.8,20.5,9,1008,0.464347489
737.8,0.3729,5.8,14.8,20.7,79.2,-5.5,17,843,0.568280594
726.3,0.4514,9.3,10.8,20.2,73.9,-0.9,9,689,0.933239563
732.6,0.4621,11.3,9.8,21.2,57.5,7,5,970,0.275165046
737.4,0.3677,2.8,4.7,7.7,65.8,2.1,5,482,0.430444887
723.3,0.2726,2.2,4.8,7.1,80.9,9.9,6,461,0.909220737
737.4,0.5806,5.9,14.8,20.7,62,-4.6,8,912,0.051252452
732.1,0.6527,7.4,10,17.4,68.8,6.4,13,1128,0.693482891
733.2,0.7507,11.8,15.8,27.8,57,21.7,17,2106,0.024190262
718.3,0.2887,1.9,6.6,8.6,72.7,6.3,7,437,0.429194978
722.3,0.2561,2.3,6.3,8.7,71,-0.5,9,380,0.490106238
729,0.4121,1.9,6.9,8.8,76.8,24.2,14,1395,0.595586069
730.1,0.2485,1.3,11.3,12.8,77.2,1,9,865,0.142274248
725.5,0.3637,8.4,12.1,20.5,70,-3,8,804,0.960381808
723.4,0.2838,2.1,7.5,9.6,84.7,23,10,1234,0.801289089
731.3,0.3445,1.6,11,12.7,85.4,7.6,12,1171,0.71638725
742.6,0.5422,5.6,10.9,16.6,53,-2.5,7,789,0.784671602
727.2,0.4733,4.3,8.2,12.3,93.2,13.2,7,666,0.032638229
737.9,1.2205,16.5,24.7,41.3,72.3,1.5,26,3148,0.032122597
736.9,0.2745,6.2,14.1,20.4,64.7,-5.5,8,706,0.258920993
729.4,0.5309,1.6,9.7,11.4,86.6,22.6,17,1395,0.671829345
731.8,0.4613,13.7,17.3,31.1,70.1,-9.7,15,1160,0.045728009
731.9,0.3511,3.6,13.3,16.8,47,7.8,11,1292,0.416301994
728.6,0.374,5.6,8.8,14.5,49.4,21.1,10,811,0.698898113
732.4,0.6381,12.6,13.1,25.9,95,13.4,5,1070,0.545349833
735.5,0.4989,4.5,8.4,13,58.1,2.6,8,732,0.275472309
733.8,0.4737,5.7,9.3,12.5,85.7,24.1,9,1555,0.19731835
728,0.5883,4.3,8.7,13.1,87.2,14.4,7,815,0.568100146
729,0.7386,5.1,8.6,13.7,62.3,23.6,8,1120,0.743475828
723.5,0.2158,3.3,8.6,12,83.3,-4.7,8,637,0.059115739
729.5,0.403,1,7.3,8.4,74.4,25.4,12,1054,0.02422141
725,0.5667,6.1,10.1,16.3,89,21.6,12,1481,0.291520858
733.7,0.4249,11.5,10.3,21.9,69.3,8.6,6,995,0.786845564
728.3,0.2826,1.7,11.1,13,71.6,10.7,11,1160,0.261044631
722.9,0.3507,7.7,10.4,18.2,85.5,1,5,560,0.52154899
731.7,0.5358,10.8,18.4,29,81.7,2.2,17,1767,0.014223201
732.6,0.5577,9.7,10.2,19.5,67.8,21.1,5,1140,0.274694098
719.8,0.3443,7,9.2,16.3,68.7,1.6,6,729,0.829700133
725.6,0.6402,6.3,13,19.2,63.9,19.8,10,1396,0.489647862
724.3,0.2924,1.7,6.7,8.6,74.2,23.6,12,1051,0.000248318
735.6,0.4344,1.7,14.9,16.7,63.9,4.6,12,1604,0.374400285
734.2,0.3528,0.8,7.8,8.7,80.2,11.3,10,1037,0.602342043
733,0.6877,29.1,13.9,43,78.6,4.7,9,1660,0.126291563
732.6,0.6692,3.7,13.2,16.9,70.4,21.9,19,2211,0.166504057
729.3,0.536,9.3,7.3,16.7,75.5,25.2,12,1556,0.308009439
725.8,0.2435,3.2,7.2,10.4,80.2,6.9,6,616,0.918571077
729.1,0.5817,10,14,24.1,63.9,17.1,10,1496,0.307019085
723.9,0.3177,7.9,8.6,16.6,76.1,-0.3,5,554,0.785501214
718.2,0.4235,10.5,10.3,20.9,89.6,6.2,3,754,0.36295341
731,1.209,1.5,10.4,12,68.1,24.8,22,2235,0.31002701
739.1,0.4291,3.9,5.7,9.6,59.9,-3.4,3,420,0.621877173
730.1,0.7689,3.9,11.7,15.7,49.3,21.6,13,1540,0.714829974
727.8,0.3458,7.3,8.2,15.6,63.7,-2,4,547,0.214935992
725.6,0.4988,7.2,10.7,18,80.3,16.1,8,1073,0.14426289
731.7,0.2765,0.6,4.7,5.2,63.7,25.8,11,808,0.211804282
729.5,0.2781,2.5,4.5,7.1,79,23,5,652,0.709094466
726.5,0.4542,3.3,9.8,13.1,86.4,22.3,10,1578,0.972750945
722.6,0.3395,0.4,4.4,4.9,58.9,19.9,4,456,0.59783457
729.6,0.6386,3.5,12.6,16.2,67.8,26.2,14,1559,0.381822029
725.3,0.4106,3,10.4,13.5,65.5,12.3,9,1055,0.978427871
728.2,0.5956,26.3,26,52.5,73,1.5,17,3035,0.474227334
732.6,0.4731,5.5,9.6,15.2,78.9,5.9,18,1379,0.457923877
731.2,1.0262,5,12.6,17.1,74.7,23.2,23,2724,0.508792912
729.2,0.4023,3.7,11.3,15.1,83.7,23.6,15,1466,0.431670098
739.2,0.6048,9.7,20.5,30.2,68.9,3.3,13,1507,0.934201999
736,0.5493,3.4,12.5,13.8,67.7,21.6,8,1140,0.36368256
728.8,0.271,1.4,6.1,7.6,59,14.4,13,948,0.564795175
731.5,0.5522,9.2,8.8,18.1,85.3,17.1,9,1265,0.277864652
722.1,0.2827,7.9,8.8,16.8,86.5,-1.4,4,459,0.522100325
732.3,0.5146,3.5,8.3,11.9,60.4,5.6,6,762,0.431771042
738.7,0.5057,3.5,4.5,8.1,69.6,15.5,5,574,0.400988678
741.1,0.4737,9.3,10.9,20.2,59.6,-10.3,11,785,0.748789407
734.2,0.602,9.3,14.2,23.6,49.7,7.4,6,743,0.42996494
726.6,0.5975,3.4,16.1,19.6,47.9,8,14,1669,0.379357999
728.9,0.5391,1.9,9.6,11.6,71,26.9,12,1324,0.794979313
729.5,0.6918,2.9,12.7,15.8,76.5,24.6,18,1938,0.078385232
733,1.6638,16.6,16.5,33.3,77.4,20.7,20,3608,0.246543608
724.7,0.4859,4.7,15.6,20.5,61.1,3.5,12,1770,0.854917925
728.5,0.5595,4.4,9.4,13.6,67.2,23.7,11,1194,0.655586005
731.2,0.6292,3.1,11.7,15,59.6,26.2,19,1877,0.659101834
732.5,0.3589,1.5,11.8,13.5,41.2,11.4,11,1175,0.809057404
726.2,0.4072,5.5,10,15.6,53.3,18.9,12,1115,0.772470698
737.6,0.4811,8.3,12.1,20.5,70.5,-5.4,10,741,0.253345266
723.6,0.2429,1.9,8,9.8,66.5,11,6,592,0.716930674
729.5,0.2565,0.5,5.8,6.3,55.7,23.7,14,830,0.14630801
730.4,0.3327,2.2,4.8,7.2,52,13,2,451,0.973133214
729.5,0.405,2.3,7.3,9.6,84.8,23,11,1068,0.532710679
729.9,0.8542,4.6,19.5,24.2,74.3,7.3,25,2218,0.309789319
725.4,0.3355,5.4,8.2,13.6,61.9,-2.6,9,457,0.25151954
727.4,0.4597,3,7.8,10.8,86.5,20.9,14,1084,0.564528361
732.3,0.3102,6.6,8.7,15.4,69.8,-5.4,7,566,0.091494611
729.7,0.364,7,8.1,15.2,66.7,1.1,5,617,0.790415263
734.5,1.4962,17.3,15.3,32.7,77.4,21,17,2006,0.124691024
725.4,0.3049,4.4,8.3,12.8,77.6,21.6,6,793,0.403151188
741.4,0.4712,10.8,18.7,29.5,69.1,-11.9,14,1303,0.145243861
726.1,0.2921,0.8,8.7,9.9,65,22.3,11,1109,0.168347647
724.1,0.6526,6,6.8,12.4,87.9,15.3,4,740,0.705094742
728.5,0.2332,0.9,6,7,84,1.9,6,546,0.8106158
734.7,0.3738,7.7,9.9,17.7,77.8,-6.5,6,502,0.696000566
735,0.5435,3.5,14.4,18,62.5,8.2,12,1451,0.006574653
728.8,0.6244,1.5,6.8,8.4,79.8,25.3,15,1790,0.758460855
729.3,0.2843,2.8,11.8,14.7,74.1,5.6,7,1309,0.009949321
721.1,0.2683,3.3,10.2,13.4,89,12.2,6,897,0.151126613
728.8,0.3249,1.7,6.8,8.6,75.5,24.3,16,1357,0.764402963
733.4,0.5442,3.8,10.6,14.5,76.4,2.3,18,1335,0.077755338
724.8,0.4727,2.6,6.8,9.3,58.4,15.5,10,1156,0.702623279
731.3,0.4065,7.7,8.8,16.1,70,4.6,6,750,0.44257388
722.9,0.5398,3.5,10.3,13.9,88.3,21.5,13,1268,0.142779545
732.7,0.1796,0.9,5.3,6.2,66.3,18.4,7,628,0.857715971
729.7,0.7142,3.2,10.6,13.9,81.8,19.8,15,1685,0.646480611
724.2,0.1838,0.5,6.1,6.7,46.2,10.3,9,828,0.271250853
729.1,0.714,10.9,17.4,28.3,64.3,-0.5,12,1066,0.428964671
728.9,0.4147,7.6,6.6,14.1,83.8,18.3,4,656,0.964017869
728.4,0.5134,5.2,7.4,12.7,63.4,13.5,8,751,0.441449874
729.9,0.4686,8.9,8.6,17.1,87.3,10.8,4,667,0.851439924
732.3,0.5284,3.6,6.9,10.5,79.7,21.9,13,1865,0.88442804
722.9,0.2524,2.6,5.3,8,60.1,12.8,3,395,0.665859325
727.7,0.7116,5.8,9.7,15.6,77.1,19,13,1583,0.903727439
720.2,0.3897,2.2,19.3,21.6,63.1,6.2,12,1451,0.227679588
729.8,1.0001,8.2,14.3,22.6,61.6,20.9,19,2567,0.985659351
730.9,0.2807,5.1,9.7,14.8,63.3,2.2,6,763,0.929294452
729.9,0.2409,2.9,6.2,9.2,52.1,9.2,2,442,0.46458252
731.6,0.5654,9.3,9.7,19.1,61.6,13.4,4,852,0.766502219
723.5,0.4103,1.1,11,12.4,73.7,6.7,10,989,0.572983603
721.8,0.34,4.7,8.7,13.4,57.7,15.2,6,760,0.629397822
729.8,0.4084,6.1,10.2,16.4,54.8,11.6,6,880,0.797587023
733,0.3106,2.5,5.6,8.1,75.1,19,10,1166,0.434015937
728.3,0.2912,5.6,9.1,14.8,67.3,-6,5,611,0.020288833
732.1,0.477,3.7,9.9,13.4,73.1,27,8,1493,0.753776968
731.6,0.4158,2,11.8,13.9,56.2,8.1,8,1195,0.176949926
723.3,0.3827,2.1,6.6,8.8,78.1,22.8,13,932,0.866290052
734,0.2218,1.1,5,6.2,61.8,18.5,7,652,0.056754514
731.5,0.6923,7.9,14.2,22.2,67.7,26.1,16,1738,0.17709301
732.2,0.4642,4.2,7.8,12.1,67.6,4.7,9,685,0.711693041
717.4,0.3226,3.2,8.2,11.5,89.3,12.7,10,792,0.209073469
732.3,0.3447,2.4,8.4,10.6,59.5,19.6,11,948,0.452358365
730.6,0.2382,1.8,5.4,7.4,66,17.8,5,671,0.221597618
726.7,0.8443,10.3,10.6,21,83.4,22.9,8,1428,0.095764422
730.4,0.6074,6.8,12.8,19.7,71.7,25.3,12,1696,0.70323627
727.6,0.2244,5.3,6.5,11.8,52.9,14.3,6,905,0.114662685
732.5,0.3462,3.4,5.7,9.3,75.7,4,4,416,0.834503471
733.8,0.4774,1.8,6.6,8.4,76.2,25.8,12,1004,0.353259503
728.6,0.4305,2.5,9.5,12.1,61.1,21.4,11,1143,0.073921702
726.5,0.2989,7.7,9.2,17,76.5,-3,8,509,0.186989594
726.9,0.5733,11.5,14.4,26,79.7,6.8,12,1385,0.968465644
723.2,0.244,1.8,4.4,6.2,77.6,-6.5,3,280,0.734892366
729.3,0.7179,18.5,22.4,41,71,1.8,18,2309,0.355136758
727,0.4578,2.3,12.6,15,58.5,9.1,11,1374,0.359679146
731.7,0.8321,13.5,14.6,28.2,64.3,19.8,11,1483,0.215954638
727.7,1.0512,7.3,16.4,23.8,66.3,25.1,23,2746,0.328869192
729.3,0.6156,7.4,12.3,19.7,64.7,23.9,11,1532,0.343511468
737.5,0.6199,11.3,19.7,31.1,53.1,3.7,14,1310,0.387479718
724.8,0.4266,3.5,9.2,12.8,79.8,9.5,13,822,0.213389167
733.3,0.5007,7.4,19.5,27,78.5,7.1,18,2135,0.742418542
731.7,0.5663,9.1,11.7,20.9,62,1,6,855,0.57922578
733.3,0.3366,5.9,10.6,16.6,63,-7.9,11,597,0.004881496
730.6,0.4439,10.3,10.5,20.9,87.1,14.5,11,1418,0.340297254
726,0.4498,5.7,6.4,12.2,65.8,20.3,4,603,0.597329889
728.3,0.5022,4.9,10.5,15.5,85.7,19.1,11,1250,0.526658458
724.4,0.5131,5.4,9.6,14.8,80.4,20.1,23,2812,0.172644466
729.3,0.8068,5,10.2,15.3,70,23.1,14,1913,0.776989817
738.5,0.5526,19.3,15.3,33.6,57.4,11.4,7,1851,0.234045052
726.7,0.6881,7.6,12.2,19.9,75.1,23.6,10,1612,0.477864917
726.8,0.4869,4.8,7.5,11.9,83.4,13.8,6,614,0.8331931
733.4,0.2443,0.8,5,5.9,74.1,20.7,10,787,0.141417308
732,0.6863,6.5,9.8,16.4,64,18.7,5,982,0.171551923
734,0.5753,7.1,8.5,15.7,67.8,24.2,7,1002,0.873537043
730,0.5488,12,15.2,27.3,76.8,6.6,11,1539,0.155665909
736.3,0.2817,0.6,3.4,4.1,55,22.7,6,521,0.462935029
732.2,0.7294,2.2,6,8.3,72.9,22.5,17,1641,0.752730639
728.9,0.3018,0.7,4.1,4.9,67.4,20.1,8,680,0.736281822
728.7,0.402,2.8,8.7,11.6,76.3,23.1,12,1109,0.501280744
731.3,0.5238,21.1,12.5,33.7,78,9.4,10,1559,0.085408686
731.8,0.549,6.1,11.1,17.3,73,15.8,10,1234,0.91120114
720.6,0.402,5.6,13.1,18.9,73.7,12.8,10,1287,0.033861291
726.6,0.8489,5.7,18.8,24.5,60,15.5,21,2662,0.575142565
730.2,0.3368,5,9.1,14.2,89,14.4,6,765,0.40318479
722,0.4858,5.3,9.1,14.5,92.2,6.2,6,636,0.951965486
734.8,0.4903,8.3,14.8,22.7,58.6,-3,15,1081,0.192056124
733.2,0.3149,3.6,4.9,8.6,63.2,-0.2,5,341,0.710456412
730.8,0.5337,1.4,7.4,8.9,80.2,21.7,13,1274,0.638868963
728.2,0.3234,2.2,7.4,9.7,70.5,25.2,10,865,0.436532326
725.3,0.8339,7.1,13.6,20.8,71.4,20.7,13,1686,0.472393642
736,0.7428,12.6,18.3,31,74.2,-0.6,15,1360,0.645005556
732.5,0.5075,8.9,10.4,19.3,53.8,7.1,5,747,0.520157861
737.6,0.4251,12.2,16.5,28.9,72.3,-3.1,17,1843,0.981743858
727.7,0.4772,4.1,15.7,19.8,52.7,11.6,9,1351,0.113589312
724,0.4473,6.1,11.4,17.6,74.6,16.4,8,961,0.690273745
730.4,0.5723,9.9,9.2,19.1,70.5,20.2,6,1134,0.194673629
733.4,0.5872,5,7.8,12.9,65.6,20.6,5,776,0.34233672
729.3,0.5538,10.4,10.5,21,52.8,14.8,4,914,0.494279871
727.2,0.3552,2.4,6.8,9.2,71.4,25.5,8,813,0.366499912
726.2,0.2608,1,6.1,7.1,74,12.5,11,1234,0.801881841
740.1,0.5669,18.4,20.5,38.9,69.8,-1.6,20,1771,0.023299288
730.9,0.372,5.8,9,14.8,85.2,20.7,10,1147,0.27463336
741.7,0.4486,11,17.7,28.8,61.5,-7.9,11,1030,0.153070956
731.6,0.3429,4.4,8.7,13.2,84.3,23.1,10,1753,0.413412297
729.7,0.5144,5.4,7.7,13.2,85.2,5.3,4,488,0.759219711
725.1,0.4579,3.8,6.7,10.6,53.5,13.7,8,903,0.892146965
725.3,0.7127,13.1,13.3,26.5,80.8,11.3,10,1367,0.580579057
730.3,0.6491,4.5,16.5,21.1,60,0,16,1315,0.714691531
724.5,0.2523,1,4.1,5.2,85.4,23.9,9,706,0.503584869
727,0.4778,4,10.3,14.4,71,25.5,12,1595,0.592270513
727.8,0.3318,1.4,4,5.5,95.7,16.7,3,364,0.044911486
730.5,0.4529,7.4,12.9,20.4,66.4,6.1,7,739,0.452104378
739.7,0.5038,3.9,7.5,11.4,84.2,2.9,11,810,0.296839799
726.2,0.8398,4.5,11.1,15.5,92.9,13.8,11,1152,0.267879218
728.5,0.3207,3.5,8.3,11.6,59.7,21,6,730,0.486429288
733.9,0.6147,8.8,13.1,22,65.3,22.5,11,1543,0.056995459
729.8,0.5084,7.7,19.7,27.4,75.7,-9.6,17,1577,0.964830503
722.3,0.3178,6.6,8.1,14.8,68.8,1.6,4,593,0.743397377
727.7,0.3265,2.2,5.1,7.4,80.2,15.8,5,470,0.50114113
721.5,0.2914,3.4,10.4,13.9,95.3,7.6,3,983,0.950116346
727,0.4329,2.1,12.3,14.5,75.2,12.5,10,1149,0.734858476
729.4,0.3331,3.4,6.7,10.3,84.1,21.9,5,1074,0.428774512
730.3,0.2189,0.8,9.8,10.6,49.4,6.1,7,700,0.922467113
734.8,0.4489,11.5,15.2,26.7,78.4,1.4,17,1119,0.204969434
722.8,0.2468,2.3,4.3,6.7,62.1,3.6,4,254,0.306358101
737,0.3228,5.9,9.3,15.4,64.4,-3,9,507,0.153241726
729.4,0.4338,1.7,8.2,10,65.4,28.7,19,1458,0.266754968
728.9,0.5205,3.8,5.7,9.6,66.1,13.8,4,593,0.615924043
719.6,0.2616,2.5,13.6,16.1,71,3,11,1130,0.287258968
731.8,0.6516,17.9,17.2,35.2,61.6,14.6,8,1562,0.412282861
730.5,0.2604,1.4,8.3,9.8,76.9,12,6,676,0.271671294
722.3,0.3708,4.4,10.1,14.2,61.3,19.6,10,882,0.820090027
729.7,0.461,3.1,9.1,12.3,76.7,24.1,14,1395,0.936559908
724,0.3285,5.9,7.8,13.7,56,15.1,4,668,0.568008644
722.4,0.474,5.4,8.9,14.4,65.8,-0.6,7,512,0.18118052
730.3,0.4078,7.9,12.8,20.8,81,3.1,8,747,0.463814503
734.1,0.6051,21.8,18.9,40.9,83.8,4.3,22,2250,0.669081259
728.8,0.3412,6.2,10.1,16,76.9,2.3,9,748,0.26245159
730.4,0.5154,7.7,15.3,23,72.3,6.3,16,1595,0.885320351
719.1,0.2828,1.7,7.5,9.3,86,9.9,7,718,0.435321521
732.6,0.2904,4,9.8,13.6,74.6,-1.7,14,683,0.109080044
730,0.1623,0.5,2.9,3.5,75.7,20.6,5,355,0.01087025
737.7,0.5968,19.8,18,38,68.4,-1.7,8,1061,0.490132912
731.4,0.3433,7.4,9.3,16.8,64.5,-1,7,720,0.49772685
738.5,0.7553,9.8,15.9,25,46.5,8.7,7,1119,0.107027494
728.7,0.4223,1.5,10.8,12.8,54,24.9,18,1651,0.650812905
730.9,0.3353,6.8,8.9,15.9,61.5,-0.3,5,558,0.2898265
727.6,0.4318,9,11.8,20.9,87,1.2,8,700,0.911291351
725.1,0.3768,6.1,9.3,15.5,68.7,-2.2,6,479,0.266420036
726.6,0.2298,1.4,8.3,9.8,62.4,12.5,8,844,0.308292694
731.3,0.3826,3.7,13.6,17.1,46.2,5.9,8,962,0.117519666
727.8,0.4287,3.3,7.5,10.8,87.9,18,7,852,0.798187336
730.7,0.6864,2.3,16.6,19,49.1,15.4,19,2124,0.437400102
725.6,0.6792,1.8,13.2,15,41.5,22.2,21,1990,0.319831637
726.5,0.3457,6.4,8.1,14.6,77.1,5.8,8,649,0.942626376
726.5,0.8071,10.9,13.9,24.9,47.7,8.5,7,1055,0.459531521
733.6,0.4727,19.5,23.5,43.1,77.1,-9,18,1764,0.730557803
727.9,0.271,1,7.2,8.1,67.8,22.4,10,1190,0.37694256
728,0.4693,6.1,17.1,23.3,96.3,12.1,9,1337,0.992980452
736.7,0.5585,10.5,14.9,25.6,64.7,-3.3,10,860,0.891726139
732.9,1.398,6.1,9.9,16,70.4,20.8,15,2441,0.369080869
730.8,0.2924,1.8,6.2,8.1,78.8,21.8,11,923,0.792212231
727.4,0.395,8.2,11.2,19.5,79.9,2.7,11,1580,0.60977329
727.8,0.3631,3.9,8,12.1,73.7,10.5,8,1610,0.522510334
727.6,0.4716,1.5,12.8,14.5,46.5,8.4,12,1368,0.127704583
730.4,0.4939,7.2,9.7,16.5,61.4,17.5,4,827,0.589839831
728.3,0.5169,2.1,8.7,11,72,26.6,16,1498,0.489152593
733.5,0.5366,8.4,5.9,14.3,86.5,21.2,6,1559,0.57030287
725.8,0.3468,1.3,10.9,12.3,43.2,17.1,10,1102,0.362099489
730.2,0.6526,5.5,11.9,17.5,72.3,2.1,19,1364,0.918643189
728.4,0.616,9.1,10.9,20.1,72.8,27,9,1634,0.912356666
728.5,0.2392,1.3,6.1,7.4,70,23.5,12,842,0.273250541
726.5,0.487,8.3,12.9,21.3,75.3,-1.9,8,770,0.397114224
735.3,0.512,1.3,13.6,15,69,8.7,15,1741,0.976620355
730.9,0.9679,7.2,12.5,19.8,72.6,13.7,10,1333,0.944084413
739.5,0.258,3.5,10.7,14.4,64.8,-12,8,620,0.006863179
729.2,0.5638,4.4,12.4,16.7,68.8,24.3,14,1561,0.459529432
731.6,0.9511,14.3,22.2,36.5,37.2,18.7,15,2569,0.120472852
731.2,0.3227,4.6,11.8,16.5,78.6,9.9,9,1404,0.305178169
722.9,0.2578,2.9,9.8,12.8,60.9,9.4,8,804,0.148040179
727,0.7717,8.6,20.9,29.6,59.1,-0.8,11,1311,0.963264573
722.8,0.3279,3.4,5.2,8.7,77.6,3.3,3,336,0.008148281
723.3,0.4174,4.1,12.5,16.6,80,11.8,10,1147,0.655515056
729.9,0.4123,5.4,14.7,20.2,84.8,6,14,1191,0.579545948
734.1,0.4997,1.3,7.3,8.7,73.3,26,8,991,0.906455658
727,0.4763,8.8,9.3,18.2,53.4,14.4,8,823,0.333143454
729.6,0.6085,14.9,14.7,29.7,79.4,0.1,15,1434,0.611268085
735.8,0.6239,19,22.1,41.2,76.3,1.3,20,3367,0.40876253
731.6,0.3834,1.7,6.6,8.4,94,19.4,5,836,0.207901152
734.5,0.1791,1,3,4.1,89.1,16.9,1,337,0.258309212
735,0.5843,10.7,12.6,23.3,65.6,-0.1,6,949,0.060247889
728.2,0.4826,4.5,9.6,14.2,79.4,23.5,8,1349,0.250673281
732.7,0.5522,7.1,9.7,16.8,73.2,24.6,13,1376,0.424242002
730,0.4364,2.7,5.6,8.3,59.3,22.9,8,844,0.011766759
730.6,0.5103,3.2,6.1,9.5,74.5,21.7,8,656,0.967795404
730.8,0.6474,5.8,11.7,17.6,58.2,0.7,6,733,0.189519116
733.1,0.4206,5.4,8.6,14.1,73.6,3,8,577,0.736891455
735.4,0.7241,21,21.6,42.8,69.8,0,10,1897,0.456086469
727.4,0.2047,1.4,3.8,5.3,83.9,20.4,4,397,0.102572099
725.4,0.4569,6.9,10.3,17.3,65.8,18,7,1024,0.391165272
730.8,0.1966,0.6,3.9,4.5,66.4,16.4,6,573,0.417063033
729.5,0.2286,2.6,8.5,11.2,61.3,-3.3,9,606,0.522282403
726.1,0.3858,1.9,12.5,14.6,61.5,2.8,7,710,0.930431962
727.5,0.6759,7.1,9.6,16.7,70.5,24.5,17,1881,0.846852924
728.6,0.3625,3,7.4,10.5,85.6,24.3,9,1166,0.038135578
737.4,0.5828,8.4,11.7,20.2,50.2,6.1,5,748,0.492744231
733.4,0.5635,9.8,14.5,24.4,66.6,2.9,11,900,0.057242017
723.1,0.2579,3,7.1,10.2,73,18.5,6,756,0.280199887
726.9,0.3365,2.3,9.5,12.6,63.5,17.8,17,1191,0.610572518
732.8,0.6026,4.9,10.4,15.4,57.1,7.9,9,1008,0.503479703
729.4,0.3318,2.2,8.3,10.3,83.2,21,10,858,0.095994664
734.4,0.7124,12.6,23.3,36,34.8,20.2,11,1946,0.545751968
732.6,0.5465,6.1,14.4,20.6,40.4,9.8,12,1205,0.230029891
732,0.2202,1.9,8.5,10.5,61.3,8,6,804,0.192143662
730,0.5979,6.9,16.1,23.1,70.2,3.7,12,1265,0.848782318
731.5,0.3297,8.9,11.3,20.3,86.8,-2.1,13,937,0.596736754
730.4,0.5318,3,8.9,11.9,63.4,23.3,11,1092,0.40076544
735.7,1.0116,5.9,11.1,17.2,66.6,23.8,17,2017,0.935403101
722.1,0.3123,2,7.2,9.4,67,10.4,6,631,0.69041149
735.5,0.3857,2.4,10.3,12.8,67.9,15.9,14,2064,0.070463746
732.8,0.3492,3.1,13.8,17,63.5,-4.9,11,1025,0.717852522
723.7,0.5322,5.1,10.7,15.9,80.7,2.7,7,1071,0.676563897
728.7,0.4967,4,7.8,11.9,53.6,1.6,7,559,0.548671629
732.9,0.4515,6.9,9.4,16.3,69.6,3.5,6,800,0.019259327
728.9,0.5963,14.8,12.8,27.8,75,8.8,7,1277,0.849296934
736.2,0.3207,4.9,11.7,16.7,51.2,-14.9,7,572,0.026272075
732.9,0.3686,7.7,9.5,17.3,74.1,0.9,13,656,0.777216477
727.3,0.5935,6.8,9.9,16.7,70.7,26.2,7,1314,0.111794633
731.9,0.3405,3,5.1,8.1,76.8,8.1,2,320,0.820202694
731.8,0.5494,10.7,11.2,22,70.6,2.7,5,867,0.431429185
728.9,0.64,11,14.3,25.4,53.5,22.1,9,1351,0.93635011
728.1,0.3049,3.6,6.5,10.2,46.2,8.6,5,500,0.09408156
726.7,0.8516,16.3,24.1,40.5,72.1,8.8,25,2947,0.928477003
731.5,0.313,2.7,6,8.8,55.9,0.5,7,500,0.373749069
730.1,0.4767,9.2,9.4,18.7,61.9,8.7,6,885,0.534546301
735.3,0.543,11.4,15.2,26.7,64.4,-0.6,9,1036,0.170739158
719.6,0.3667,5.4,8.4,13.6,61.2,15.3,5,651,0.378201367
734.4,0.3294,4.8,7,11.9,69.3,3.3,7,544,0.056206855
731.1,0.3108,0.6,5.6,6.1,81.1,17.8,9,625,0.771422149
720.6,0.4526,11.7,10.2,22,87.2,2.3,6,679,0.44564886
742.5,0.2773,4,9.7,13.8,62.5,0.4,10,938,0.135965635
727.9,0.3364,3.6,11.4,15.2,50.3,18.8,13,1366,0.20687875
716.6,0.266,2.2,5.8,8,90.5,5.8,5,462,0.535654864
723.9,0.3174,4,6.7,10.8,70.7,5.8,5,460,0.813582845
725.7,0.5617,11.2,13.7,24.1,83.2,12.4,9,1485,0.532897136
725.5,0.2879,0.9,4.9,5.7,82.7,21.3,10,620,0.233037184
732,0.5266,7.8,7.9,15.8,68.9,22.3,7,870,0.498226098
728.6,0.3721,3.4,7.1,10.6,58.4,-3.1,6,409,0.732527868
727.3,0.5528,7.1,9.4,16.6,71.2,21.8,10,1358,0.868509503
728.6,0.3044,3.9,7,10.9,72.2,17.7,7,996,0.229694194
725.7,0.6767,8.6,16.8,25.5,82.5,16,18,1985,0.214351287
722.9,0.4411,9.1,12.1,21.3,71.1,-1.3,6,765,0.478364219
734.9,0.3526,3.8,8.7,12.6,84.9,16,6,728,0.613022681
722.3,0.2536,3.6,6.7,10.4,68.6,6,7,501,0.462896549
732.8,0.4593,7.2,14.7,21.3,73.3,8.2,9,1175,0.582278287
729.7,0.6905,1.8,9.7,11.6,73.3,26.3,20,1857,0.731237677
734.9,0.2795,1.5,4.5,6.1,75.9,24.9,10,1068,0.555144353
726.4,0.2525,0.8,8.9,9.8,41.1,8.9,7,752,0.600514661
723.8,0.2769,4.5,8.5,13.1,61.9,8.1,7,596,0.050678628
730.3,0.5136,5.4,11,16.5,65,25.3,12,1386,0.845319412
726.8,0.6372,9.2,11.6,20.8,69.7,23.3,6,1246,0.983499551
721.2,0.4582,12.9,13.2,26.2,92,3.4,7,1042,0.917538879
728.9,0.5529,13.9,9.7,23.7,76.2,15.6,4,930,0.185242097
726,0.3971,2.4,6,8.2,66.3,24.4,7,739,0.866852843
728.5,0.5486,12.5,14.4,27,54.4,10.7,11,1512,0.358044495
722.5,0.3626,3.7,10.3,13.7,90.4,21.4,9,1195,0.629920158
730,0.3569,6.3,7.9,14.3,77.2,-0.8,4,653,0.57859281
724.3,0.5748,3.7,16.6,20.4,72.8,13.5,14,2150,0.708490738
731.8,0.347,4.5,8.6,12.9,88.4,23.1,5,1155,0.645409941
731.3,0.5764,6,9.2,15.3,79.5,22.9,10,1381,0.662174582
732.9,0.1644,0.9,3.6,4.6,85.7,17.2,4,513,0.722020559
719.8,0.3346,3.4,8,11.5,68.3,16.1,7,633,0.186624088
732.7,0.991,9.4,20.1,29.6,67.8,24.9,21,2637,0.187424515
728.2,0.3249,3,8.1,10.9,76.2,21.7,12,1133,0.844850918
730.4,0.4693,3.9,13.1,17.1,61.9,3.2,8,933,0.544109223
731.5,0.6326,6.3,8.1,14.5,84.8,15.5,5,878,0.154571881
730,0.665,4.7,13.2,18,72.6,26.2,21,2820,0.396049961
736.2,0.7197,1.5,8.3,9.9,58.1,23.9,16,1451,0.38155368
736.1,0.5756,10.4,11.3,21.8,55.5,14.2,7,1139,0.01783843
731,0.3166,4.4,11.2,15.5,71.1,-2.2,8,738,0.18401581
732.3,0.3585,3.2,5.5,8.9,62.2,2.7,4,325,0.096935187
742.6,0.5783,11.4,12.4,23.9,67,1.4,7,1047,0.848416265
733.5,0.4729,4.4,10,14.4,51.1,2.6,5,577,0.281468945
728.8,0.3668,1.6,11.5,13.2,66.1,19.2,13,1306,0.52376092
732.5,0.6596,9.9,9.5,19.5,76.4,24.7,7,1306,0.402959067
730.5,0.3566,0.3,5.2,5.6,75.2,22.9,13,1068,0.978227081
721.8,0.4896,12.3,9.6,22,79.7,6.8,7,1067,0.240366094
727.6,0.4835,11.5,9.9,21.5,76.7,13.5,7,1078,0.722734409
726.6,0.424,3.2,12.2,15.1,37.6,16,14,1253,0.468054005
729.5,0.5509,6.3,11.5,18,71.1,17.7,7,1165,0.872416339
732.3,0.7142,4.1,17,21.2,44.9,7.6,17,1906,0.266822798
733.5,0.5595,12.9,15.7,28.8,70.3,-0.5,12,1315,0.722501495
730.7,0.3681,3.2,10.3,13.5,67.8,1.8,15,1031,0.273403214
724.8,0.2134,1.8,4.2,6.2,85.6,19.9,5,751,0.611011397
735.2,0.4771,11,12.8,24,59.5,-4.5,12,1116,0.046766559
730.4,0.4329,5.4,13.1,18.6,77.5,8.6,15,1113,0.549858993
730.7,0.2817,8.1,11.4,19,70.2,4.8,7,877,0.525199138
731.3,0.4076,1,12,13.1,78.4,15.3,14,1465,0.695726363
725.6,0.2516,0.9,5.6,6.4,74.4,25.3,11,904,0.671118707
729.4,0.5767,1.8,9.5,11.4,62.8,25.5,16,1458,0.888246635
736.7,0.2742,2.8,11.5,14.3,40,6.1,9,918,0.069288069
725.2,0.3066,2.5,9.3,11.9,87.7,1.5,12,869,0.953638526
730.5,0.4191,8.3,8.3,16.7,86.6,14.7,5,993,0.961903481
738.4,0.6665,14.8,13.5,28.4,69.9,10.8,5,1110,0.423766154
735.9,0.701,16.9,13,30,72,10.2,7,1237,0.685882432
718.3,0.2277,1.7,4.7,6.5,84.3,3.4,1,178,0.972676499
734.6,0.5637,1.9,10,12,64.2,22.9,11,1427,0.048507553
730.4,0.3989,5.2,10.8,16.1,56.1,3.8,9,998,0.404970799
729.4,0.1735,1.1,5.1,6.3,61.4,18.4,6,623,0.909856671
727.8,0.3527,2.2,4.4,6.8,43.7,23.1,5,429,0.082502821
731.5,0.4008,8.7,11.2,20,89.7,4.3,10,785,0.379116422
725.7,0.2674,3.5,8.1,11.8,66,17.2,7,978,0.978549796
724.7,0.4077,5.8,7.7,13.6,87,1.6,7,481,0.929977634
739.2,0.423,9.6,14.3,24,75,-2.9,9,1035,0.532861775
734.5,0.2347,1.8,9.2,11.1,79.8,-1.8,10,896,0.429644749
732.3,0.5153,10.4,16,26.5,62.2,3.3,15,1649,0.560140345
715.6,0.2894,5.3,8.9,14.3,92.2,-0.9,5,411,0.597736425
731.1,0.4105,8.6,11.5,20.2,84.9,11.9,10,1197,0.946350751
723.4,0.3846,2.2,9,11.2,80.2,19.7,12,1288,0.223974865
734.9,0.2784,3.4,8.1,11.6,72.3,17,6,800,0.716018669
731.5,0.7941,11.8,11.7,23.6,66.4,20.7,8,1310,0.981771607
729.4,0.3086,4.3,11.4,15.9,76.9,1.5,12,720,0.544298917
720.4,0.4852,1,11.1,12.2,83.1,12.9,10,1375,0.260745691
726,0.4336,4.9,8.9,14.1,94.9,6.6,8,660,0.638973237
726.9,0.5194,2.4,9.2,11.8,82.9,23.6,12,1320,0.190860579
736.1,0.4713,13.5,14.6,28.2,63.7,-10.7,11,941,0.562369423
725.6,0.3387,6.9,7.8,14.8,66.1,10.5,4,768,0.350067919
730.8,0.5771,5.9,11.5,17.5,71.3,25.2,8,1432,0.046441445
724,0.2897,3.1,8.6,11.7,82.1,10.7,6,850,0.444654086
735.3,0.3246,2.6,7.1,9.8,81.3,1.9,8,630,0.484302371
725.4,0.3039,1,4.8,5.8,74,24.8,9,840,0.505794815
730.2,0.924,7.2,11.3,18.6,66.2,24.8,14,2119,0.587313689
729.4,0.4603,6.2,10.1,16.4,66.8,16.3,8,1080,0.426857064
727.4,0.6594,2.6,9.1,11.4,77.5,24.2,13,1196,0.765889775
728.6,0.309,3.9,7.9,12,89.2,4.9,6,664,0.138326597
731.3,0.8227,14.2,24.1,38.3,57.8,-9.5,19,2079,0.966029871
735.8,0.4787,8.5,15.2,23.9,48.4,7.1,6,891,0.4592459
727.8,0.5852,5.2,11.6,16.9,63.5,23.8,12,1642,0.055713381
725.5,0.4135,4.8,8.2,13.1,74.7,21.1,7,1091,0.03050317
730.7,0.6359,11.4,13.4,24.9,83.1,0.9,13,1222,0.979782745
733.4,0.6434,14.7,17.5,32.3,58.3,0.7,7,973,0.096397644
726.5,0.3293,0.7,4.9,5.6,70.9,17.2,6,355,0.379096993
728.1,0.7897,4.7,13.8,18.7,50.3,8.1,15,1468,0.946032583
727.8,0.3225,3.5,5.2,8.9,59.7,6.9,3,325,0.32466232
733,0.414,3.9,5.5,9.4,59.5,5.4,5,339,0.663164257
730.3,0.3102,2.9,11.7,14.7,73.8,4.8,13,1239,0.593057435
727,1.0416,5.2,14.4,19.8,70.6,25.4,16,2216,0.765611317
731.3,0.511,10.4,12.9,23.3,86.1,15.8,10,1567,0.191199288
730.4,0.7468,3.6,15.6,19.3,54.1,21.5,14,1593,0.694629587
726.3,0.3564,1.9,6.3,8.3,69,11.8,4,407,0.101382372
732.8,0.3021,4.5,12.4,16.8,47.1,5.9,14,1110,0.563355586
730.9,0.4175,16.7,19.6,36.3,85.1,-0.7,19,1645,0.205976301
731.6,0.3462,2.9,7,10,69.1,25.5,13,1167,0.734147323
731.4,0.7088,3.5,10.4,14,84.3,23.5,24,1978,0.429219433
721,0.2261,2.7,5.3,7.8,80,2.3,2,270,0.259458712
732.7,0.5728,10.5,11.5,22.1,58.1,11.6,5,880,0.231792179
733,0.5361,7.9,8.9,16.9,66.1,21.3,6,937,0.427688403
731.4,0.5144,3.8,9.9,13.8,67.9,27.9,19,1706,0.891578873
728.3,0.5084,7.3,10.9,18.2,87.5,20,13,1705,0.278829404
731,0.637,9.2,15.9,25.2,67.4,0.5,13,1503,0.180417073
726.2,0.4489,5.5,10.8,15.8,89.7,20.9,8,1098,0.171277252
724.1,0.3467,3.4,7.3,10.9,73.2,-2.4,7,418,0.741723499
721,0.4973,7.1,7.3,14.5,93.5,7.7,4,512,0.84851124
728.7,0.5694,4.6,11,15.7,74.3,27.1,15,1892,0.705736182
733.1,0.3165,3.5,16.1,19.7,50.9,11,12,1351,0.96971108
732.6,0.6404,3.4,11.1,14.7,60,25,12,1191,0.115115855
726.9,0.3925,1.7,10.9,12.7,77,15.2,12,1263,0.67336877
723.8,0.5142,6,13.1,19.2,59.1,11.5,8,1280,0.380086947
733.3,0.3937,2.3,7.3,9.7,68.4,20.5,13,1356,0.632230249
735.2,0.3118,4.1,8.8,13,46.6,15.6,5,719,0.897577054
725.7,0.9738,2.5,10,12.6,71.5,24.8,19,2099,0.372150512
724.9,0.2871,2.5,9.3,11.8,58.4,7.3,6,623,0.104817004
727.5,0.4161,1.9,6.1,8.1,72.4,25.1,9,997,0.777267359
731.3,0.3272,0.7,10.4,10.9,72.4,2.9,7,863,0.002642248
732.8,0.4997,12.2,13.1,25.4,68.2,13.9,11,1317,0.207040669
732.2,0.5149,6.8,16.7,23,63.7,5.7,14,1403,0.892965349
727.6,0.4852,7.4,9,16.5,73.3,6.6,5,705,0.101557611
724.7,0.3826,2.6,9.6,12.4,75.6,16.2,13,1314,0.62252328
730.7,0.3217,5.7,8.1,13.9,58.8,10.4,5,752,0.798376157
728.8,0.6999,7,13.6,20.7,60.8,12.4,8,1370,0.219201835
732.1,0.7421,9.7,14,23.4,71.2,24.5,11,1703,0.254612039
733,0.2763,4.3,6.3,10.7,64,1.6,4,362,0.352439807
728.4,0.4175,2.3,5,7.4,65.8,21.8,6,734,0.294223013
731.1,0.2377,2.2,7.9,10.2,59.8,2.4,10,662,0.041806411
735.3,0.5852,17.9,13,31,74.7,4.3,10,1359,0.590403329
729.5,0.4689,1.4,7.8,9.3,81,24.9,13,1269,0.128010986
727.2,1.2201,24.2,29.6,53.9,59.7,7.5,22,3541,0.247445866
728.7,0.4714,4.9,8.2,13.2,84.8,20.1,7,931,0.822532076
725,0.4522,5.2,10.8,15.6,70.7,18.3,8,946,0.599033471
733.3,0.589,6.8,18.7,25.6,62.2,1.3,12,1392,0.727568531
729.2,0.647,10.1,11,21.3,87.4,19.1,9,1542,0.208957649
723,0.2662,1.5,5.4,6.8,76.2,16.5,6,477,0.887056499
729.8,0.6769,1.3,10.3,11.4,64.1,23.3,24,1788,0.242761609
730.3,0.6402,9.9,13.7,23.7,74.6,20.2,14,2236,0.464777998
721.8,0.3059,3.4,8.5,12,73.1,20.6,7,804,0.803472239
731.7,0.6156,2.3,8.4,10.8,73.2,27.2,20,1682,0.729197779
727.9,0.5788,5.1,9.6,14.8,61.7,0.7,6,570,0.332012151
726.2,0.5965,14,13.5,27.5,73.5,8,11,1042,0.154947754
725.7,0.4188,1.4,9.6,11.1,30.9,23.1,14,1486,0.199822555
731.5,0.1989,1.3,5.8,7.1,62.1,19.1,8,756,0.954997342
735.2,0.4846,5.8,9.7,15.7,74.6,2.7,7,658,0.683013005
734.2,0.6066,14.4,12.8,27.3,69.3,5.1,5,1075,0.000340317
729.9,0.6055,11,11.7,22.8,66.9,18.7,6,1137,0.799530441
730.3,0.3351,1.2,8.5,9.8,43.2,11.1,8,724,0.506749533
724.2,0.4164,5.4,11.8,17.3,58.8,6.6,7,747,0.811700882
729.7,0.4505,4.6,9.6,14.2,74.6,20,10,1625,0.156677869
732.3,0.2631,3.1,6.9,10.1,30.1,16.7,4,660,0.564432867
721.2,0.2843,5.1,10.3,15.4,71.1,-6.4,6,611,0.171756988
728.3,0.3143,2.7,4.2,7,74.9,1.1,4,257,0.918286238
737.9,0.629,6.9,16.8,23.8,69.4,-0.4,16,1844,0.034666448
722,0.3579,6.8,8.3,15.2,78.9,2.1,3,506,0.906397978
732.2,0.5618,5.2,13.3,18.6,66.3,23.4,11,1675,0.216500072
729,0.3106,1.5,6.9,8.6,75.8,27.6,16,1318,0.38619278
725.3,0.4995,7.6,9.5,17.1,67.6,19,6,943,0.271387699
714.3,0.2737,1,5,6,84.6,16.5,2,309,0.177468372
719.4,0.2408,1.4,5.2,6.7,72.3,16.1,9,967,0.968253714
726.5,0.3351,4.6,4.9,9.6,75.3,7.2,3,398,0.46997232
732,0.3066,2.2,9.6,11.9,70.8,3.4,9,721,0.182946852
730.9,1.3132,5.2,9.8,15,75.2,19.1,17,5421,0.054253464
727.1,0.2953,1,7.3,8.2,71.5,23.3,16,1335,0.040223039
743.6,0.3317,6.2,7.8,14.1,62.1,-2.1,3,556,0.924454777
721.2,0.3066,0.3,7.9,8.4,45.8,18.2,11,926,0.967153984
737.2,0.4524,3.7,8.8,12.6,58.5,4.4,6,609,0.379205385
727.6,0.6195,3.8,9.3,13.2,74.6,25.3,12,1490,0.178702506
725.8,0.457,3.2,9.2,12.3,59.6,21.6,13,1103,0.011054173
731.9,0.5344,19.6,14.6,34.2,68.9,3.8,12,1443,0.772581445
731.5,0.3035,1.8,6.1,8,80.2,10.2,7,740,0.627507495
731.1,0.2168,1.4,8.8,10.2,85.2,1,6,604,0.471475034
719.3,0.3163,2.8,8.6,11.5,87.6,21.2,5,828,0.648415378
723.3,0.2953,3.1,6.5,9.7,89.3,21.9,4,778,0.706136882
736.6,0.6824,17.5,15.5,33.1,83.8,5,16,2245,0.311302219
730.5,0.7105,13.1,15.3,28.5,76.7,23.3,12,1869,0.032087584
729.5,0.8548,4.3,13,17,69.8,25.9,17,1996,0.64025184
730.9,0.6517,4.8,9.5,14.5,65.8,22.1,8,999,0.165714741
730,0.5135,13.3,12.9,26.3,60.8,4.9,6,1016,0.271868702
730.4,0.4938,1,6.6,7.6,66.7,27.7,19,1608,0.697540859
730.8,0.5082,1.1,7.4,8.5,65.2,26,17,1563,0.444928357
729.2,0.4477,1.7,6.9,8.7,78.1,24.5,13,1129,0.561142846
726.9,0.2565,2,7.8,10,92.2,5.3,11,775,0.369432389
733.2,0.4808,0.6,8.7,9.4,68.2,21.7,12,1064,0.654047812
731.4,0.3111,4.4,7.2,11.6,77.5,23.3,13,1258,0.019418503
722.2,0.2681,4,6.8,10.9,73.2,7.1,5,447,0.784009644
729.7,0.4472,4.4,16.2,20.6,57.4,-2,12,1224,0.447354332
716.5,0.2478,2.1,4.7,6.9,69,8.7,5,371,0.02625456
726.3,0.3196,1.8,8.4,10.4,74.4,12.9,10,1002,0.037643395
726.3,0.4483,7.3,10.4,17.8,60.1,11,6,820,0.4709589
727.4,0.3341,2.7,10.4,12.7,46,18.5,15,1579,0.040971812
728.5,0.2564,4,8.1,12.2,62.5,-6.9,7,525,0.854637159
733.2,0.7532,9.1,9.9,19.2,81.2,21.3,15,2004,0.905654489
720,0.2422,1.9,5.1,7.1,77.6,16.9,6,699,0.323871833
729.3,0.5728,11,13,24.1,58,3.9,8,1172,0.939930366
728.7,1.0136,5.5,17.7,23.3,58.1,2.9,23,2241,0.169296308
725.5,0.6507,3,14.9,18,54.1,3.6,14,1374,0.09445691
731.7,0.7524,12.8,14.7,27.6,65.8,23.1,11,1933,0.120847328
735.3,0.4116,2.9,8.5,11.5,67.3,28,10,1199,0.357066172
729.4,0.3502,5.9,9.1,15.1,63.1,0.8,7,551,0.164499313
725.3,0.3459,7,8.8,15.8,76.5,-3.2,7,906,0.435315139
728.5,0.1888,1.5,7.4,9,65.2,7.4,7,594,0.903464763
722.8,0.3617,1,8.7,9.8,56.9,16.8,14,1216,0.282710918
727.8,0.2033,0.3,3.5,3.9,73,23.4,4,504,0.944987485
723.9,0.7193,17.9,21.7,39.7,82.1,4.4,32,2499,0.412150885
725.8,0.6726,6.7,7.6,14.4,86.4,17.2,8,1163,0.159891653
731.9,0.3098,4.6,6.7,11.4,42.3,-0.7,5,409,0.615179605
732.1,0.9572,10.7,18.6,29.4,59.4,13.9,15,2176,0.165257515
733.4,0.8323,2,10.3,12.4,71.5,23.9,20,2137,0.847412231
723.3,0.444,4.7,11,15.8,75.8,1.4,17,774,0.028139438
732.9,0.1971,1.3,3,4.4,78.1,24.1,3,794,0.285104437
728.3,0.5902,11.7,17.2,29,48.2,16.3,11,1967,0.76374277
727.4,0.8868,10.4,12.7,23.2,62,14.3,16,2152,0.179105254
735.4,0.2619,1.3,9.5,10.7,40.5,1.9,9,922,0.492095466
730.7,0.2751,1.5,9.2,10.8,74.8,9.5,7,726,0.362082357
728.4,0.3181,2.4,7.9,10.4,70.1,8.7,7,785,0.782128946
729.3,0.618,4.3,9,13.4,74.3,18.7,16,1368,0.244139498
729.2,0.4823,10.1,13,22.5,81.8,11.1,11,1214,0.617705696
727.6,0.39,6.3,14,20,93.1,9.9,12,1165,0.013959582
734.7,0.9953,4.3,13.7,18,79.5,23.7,15,2093,0.482110617
731.5,0.5223,10.4,10.2,20.7,61.4,19.7,8,1064,0.993187538
727.3,0.4414,8.6,9.9,18.6,83.9,5.6,8,759,0.338126425
728.2,0.3649,3.8,7.5,11.4,79.5,21.2,10,1056,0.91461965
734.3,0.6491,16.7,21.9,38.7,69.6,2.7,16,2456,0.982256126
728.2,0.3931,1.8,8.5,10.2,64,23.9,12,1344,0.606164408
732.1,0.2686,1.9,7.6,9.6,78.6,-0.1,9,692,0.466482273
732.5,0.482,2.5,7.8,10.5,58.3,19.4,17,1603,0.904625337
732.7,0.4929,13.2,17.3,30.7,79.3,-3.8,18,1570,0.132271281
733.6,0.4801,7.3,14.4,21.8,61.8,14.9,15,1718,0.781414958
728.5,0.327,2.3,7.3,9.7,64,10.6,8,1493,0.51535068
736.9,1.0798,14.3,13.2,27.6,70.4,9.2,18,2945,0.192826672
730.7,0.5468,7.1,13.7,20.9,64.8,26.5,10,1489,0.284175983
739.3,0.4686,3.2,12.3,15.3,72.1,-2.9,12,1239,0.760716361
729.1,0.334,1.7,7.7,9.5,60.6,19.2,8,823,0.78895307
727,0.5591,1.8,10.5,12.4,76.3,21.4,14,1407,0.287711104
722.6,0.3793,1.4,9.6,11.1,58.9,18.9,11,1313,0.888803644
719.9,0.2957,2.9,6.6,9.6,68.8,15.7,4,615,0.225061072
729.8,0.3483,1.4,6.6,7.8,87.6,21.6,10,842,0.864896309
728.3,0.3858,6.3,8.1,14.5,63.6,-4.9,6,478,0.688327484
716.3,0.2697,4,7.2,11,76,7.2,5,539,0.813558788
738.7,0.3365,0.4,9.1,9.6,60.7,-5.4,11,1234,0.97523206
739.1,0.3361,10,15,25,62.3,-3.3,7,886,0.348037226
731.3,0.5257,6.9,10.4,17.5,70.1,4.7,12,1356,0.255098161
730.8,0.6898,5.5,11.6,17.1,71.3,23.5,14,1877,0.701355044
728.6,0.4569,2.3,5.7,8.1,77.7,18.2,9,899,0.701518533
730.9,0.5011,5.2,10.1,15.4,68.4,17.9,15,1538,0.56494363
736.9,0.5133,4.7,6.1,10.9,61.7,0.9,4,444,0.34376567
732.4,0.6503,4.9,18.9,23.8,78.3,2.4,21,1957,0.533945842
724.3,0.2865,1.9,7.1,9.1,71.8,1.4,5,434,0.46178291
721.4,0.3407,1.4,7.3,8.8,90.3,15,4,496,0.281815982
734.5,0.5843,1.5,7.8,9.3,75.7,24.9,17,1110,0.679157016
733.7,0.273,2.2,7.1,9.4,67.5,23.9,8,1125,0.568724473
732.3,0.3101,2.9,10.8,13.4,72.1,15.4,14,1478,0.713911277
735.4,0.7735,3.2,10.1,13.4,68.6,27.6,16,1695,0.991950358
730.1,0.5325,1.8,9.3,11.2,66.8,26.2,20,1609,0.973776215
727.3,0.349,3.1,10.3,13.5,74.1,8.7,9,1017,0.204579593
722.4,0.3557,4.6,11.2,15.8,94.1,8.7,3,530,0.982807696
721.1,0.3973,6.4,10,16.5,71.1,18.4,7,943,0.158464275
726.4,0.2968,1.1,5,6.1,87.6,23.7,12,784,0.919135949
730.9,0.4848,2,8.9,11,70.4,24.1,14,1619,0.713915667
727.6,0.4824,4.8,12.5,17.4,72.7,16,8,1082,0.670190898
726.1,0.6906,2.1,9.6,8.5,75.4,25.5,16,1780,0.947547442
724.1,0.5602,12.8,13.9,26.8,67.5,13.7,6,1332,0.967388974
730.9,0.5645,4.3,8.5,12.9,83.2,18.4,7,913,0.730514108
730.4,0.2106,1.6,6.1,7.5,86.4,6.5,5,477,0.650712265
732.7,0.3013,1.2,5.6,6.8,73.9,20.7,9,847,0.620301169
721.9,0.3285,3.9,10.5,14.5,91.3,7.8,8,828,0.582033533
728.8,0.3023,2.9,8.7,11.8,93.8,6.6,3,609,0.477074342
723.6,0.3383,7.7,7.7,15.4,75.9,5.4,3,393,0.399484564
729.9,0.5133,7.7,8.3,16.1,62,18.4,3,676,0.877659956
724.1,0.3533,2.7,5.4,8.2,53.9,10.6,4,474,0.570903265
732.2,0.5251,8.8,19.3,28.2,76.4,-0.7,13,1532,0.291466897
736.1,0.4217,8.4,10.8,19.3,52.9,0.6,8,717,0.624207745
733.7,0.3978,2.5,8.3,10.5,65.2,20.7,13,1195,0.792866109
731.1,0.3284,2,7.2,9.3,65.2,21.9,13,941,0.122339698
725.9,0.341,2.4,9.5,12.2,87.8,12,6,527,0.796994627
730.2,0.5476,6,20.9,27.1,76.4,-6.6,17,1640,0.149740729
724,0.3578,2.3,12.6,15,91.4,9.6,11,989,0.27127354
723.1,0.504,10.6,12.8,23.5,86.3,12.2,8,1027,0.083410823
734.5,0.5885,3.3,6,9.4,65.6,21.6,7,935,0.019414433
739.6,0.4458,9.7,14.6,24.3,55.4,-3.4,8,915,0.168451306
724.8,0.2394,3.3,5.8,9.2,63.5,11.8,5,404,0.109166575
727.2,0.4839,8.8,14.4,23.3,69.3,2.5,7,927,0.718752791
732.7,0.2044,1.3,4.3,5.7,76.1,9.8,8,723,0.371887924
725.7,0.7135,6.1,8,14.2,72.8,24.1,10,1176,0.97895426
727,0.5076,6,7.2,13.3,73.5,21.1,12,1098,0.689239649
736.7,0.5671,6.9,14.8,21.8,67.9,0.2,6,894,0.367158964
730.9,0.6338,8.7,15.3,24,71.8,27.1,14,2183,0.10576952
714.6,0.518,13.5,15,28.6,96.2,4.6,6,1016,0.349071969
739.9,0.3437,6.1,8.4,14.6,91.2,5,4,469,0.024307512
733.6,1.809,29.9,20.2,50.2,75.7,4.4,44,4642,0.518855571
728.1,0.6301,5,15.8,20.9,50.8,11.2,10,1341,0.382230628
726,0.8085,2.2,10.9,13.2,69.1,24.4,18,1915,0.420875871
733.7,0.6644,12.8,11.1,24,75.3,17.5,10,1521,0.539451959
730,0.5862,6.4,11.1,17.7,67.3,26.2,6,1339,0.956894779
729.9,1.5722,18.8,20.4,39.3,83,4.2,26,3278,0.290201883
725.2,0.4391,2.5,7.3,9.8,80.3,15.2,6,445,0.159684739
725.2,0.4415,8.2,9.8,17.5,85.3,11.5,4,736,0.281657181
739,0.6461,9.2,15.3,24.7,70.9,0.6,10,1579,0.517317627
730.4,0.9519,12.1,15.7,27,54.3,19.1,12,1882,0.17201274
730.6,0.3887,8.2,10.3,18.2,82.8,-1.1,10,770,0.343902306
731.1,0.1784,0.6,3.4,4.1,71.5,19.1,4,353,0.899579688
732.5,0.6347,7.4,7.9,15.4,71.4,20.4,9,1246,0.217992561
728.8,0.4618,2.9,4.9,7.9,73.8,21.7,6,800,0.016112726
723.6,0.3264,5.4,7.7,13.2,72.9,6.9,4,497,0.222716439
721.9,0.6766,12,10.1,22.1,86,15.7,9,1358,0.957935354
728.5,0.5897,3.8,12.5,16.5,60.8,23.3,16,1606,0.78220967
732.6,0.2605,1.4,9,10.5,59.6,0.7,8,676,0.273375329
731.7,0.2082,0.4,8.2,8.8,81.3,3.5,11,959,0.644499247
731.2,0.2229,0.6,2.8,3.5,65.1,22.7,6,434,0.437183611
735.2,0.4141,8.2,10.5,18.8,76.6,8.6,6,1013,0.677778378
723.1,0.2179,0.9,4,5,68.8,15.9,8,572,0.920771342
727.9,0.3346,2.1,6.6,8.8,78.9,20.7,15,1086,0.473161594
730,0.368,1.1,8.2,9.5,63.2,23.3,14,1162,0.777308024
728.2,0.2557,2.4,6.9,9.1,85.4,21.7,6,815,0.330145131
724.5,0.5152,12,16,28.1,73.4,-3.1,10,1002,0.237920384
730.3,1.4636,6.9,13.2,20.2,66.1,22.6,25,2798,0.401300531
728.3,0.5449,9,9,18,67,22.2,7,1005,0.477253048
735,0.5781,18.5,22.4,41.1,76.7,-7.4,22,1704,0.59700003
727.9,0.2587,0.9,5.3,6.2,80.5,20.9,13,1127,0.067135661
726.2,0.3232,3.9,10.7,14.7,91.8,10.8,11,1401,0.264327823
728.1,0.6681,9.7,12.9,22,71.1,16.5,6,1393,0.828788591
730.7,0.5964,5.5,12.3,17.9,70.5,17.6,12,1417,0.632108794
733.1,0.6215,6.6,11.2,17.9,56.2,1.8,7,680,0.654988282
736.2,0.2664,2.1,6,8.2,71.9,7.8,8,935,0.123276216
728.8,0.4462,5.1,4.9,10.1,97,13.5,1,352,0.393569926
734.1,1.3808,12.2,19.3,31.6,71.7,-0.2,29,2754,0.614471901
735.3,0.6714,10.3,14.2,24.6,80.1,5.6,9,1192,0.652176161
725.1,0.4098,6.7,8.6,15.3,71.8,8.2,5,681,0.850094573
730.2,0.4512,1.6,8.3,10,73,26.6,13,1576,0.242237849
728.9,0.3749,7.2,8.4,15.7,75.8,6,6,620,0.144568856
727.4,0.4526,12.1,18.4,30.6,71.3,-4.4,14,1699,0.163743454
733.1,0.3042,1.4,6.2,7.7,59.8,25.1,14,991,0.923424727
724.9,0.5342,10.6,7.4,18.1,80.1,22.4,10,1588,0.69672416
725.2,0.5587,6.6,9.6,16.3,85,22.9,13,1474,0.088019443
731.6,0.7073,5.5,6.4,12,64.9,23.1,12,1169,0.721195713
723.6,0.2365,1.7,8.3,10.1,60.5,15,7,860,0.781657167
715.5,0.2028,2.2,7,9.4,84.7,9.1,3,315,0.946079447
736.9,0.4274,2.2,5.8,8.1,62.6,13.2,6,986,0.4016724
732.2,0.4,8.1,11,19.3,84,-0.4,9,605,0.233253062
731.5,0.6335,6.1,14.3,20.5,62.4,18.9,19,1889,0.593174639
729.2,0.5861,7.4,10.3,17.8,71.2,3.6,6,712,0.48428436
725.1,0.4021,2.5,15,17.6,62.5,1.5,13,1217,0.697736713
733.4,0.5309,7.5,9.7,17.3,71.7,15.5,6,1017,0.439818577
727.5,0.5399,7.1,15.1,22.3,75,1.1,9,1323,0.03365696
728.7,1.0617,4.8,12.4,17.3,72.7,24.1,14,1917,0.945349236
726.9,0.7398,8.2,18.6,26.9,55.5,5,20,2157,0.077969813
726,0.3258,1.9,7.9,9.8,80.5,24.2,10,962,0.617798235
728.7,0.4416,8.6,9.1,17.9,56.2,18.6,5,965,0.161247578
733.7,0.9526,8.3,14.9,23.3,82.4,24.9,14,2576,0.519401857
724.1,0.4595,2.5,6.3,8.6,74.3,18,9,871,0.55041239
733.9,0.3674,7.2,7.3,14.1,79.4,16.9,8,1171,0.509027975
728.6,0.4923,11,14.3,25.4,64.6,1.6,6,881,0.49619644
729.6,0.7658,8.4,17.2,25.6,75.5,22.3,17,2271,0.990997506
729,0.6226,3.6,8.9,11,76.2,24,14,1701,0.175013892
732.4,0.601,8.9,12.2,20.5,80.2,13.2,10,1359,0.841951667
731.7,0.2091,0.4,5,5.2,78.9,25.4,5,726,0.777815739
727.6,0.6254,6.7,12.2,19.1,71.6,25.1,13,1448,0.154294955
737.5,0.3171,2.4,14.2,16.6,68.2,2,14,1352,0.471784065
734.2,0.1644,0.6,2.8,3.5,77.8,17.9,5,442,0.0819331
733.6,0.3907,9,8.9,18,65.1,-4.3,4,485,0.964668286
722.4,0.4124,8.3,17.5,25.2,96.8,10.4,6,1282,0.021213908
726.6,0.3706,4.3,7.1,11.5,75.4,22.6,8,970,0.430084012
730.2,0.4661,2.9,8.9,11.9,88,16.5,10,1310,0.264808261
737,0.5238,4.3,7.3,11.8,55.9,1.2,5,553,0.920548467
722.9,0.1905,0.9,5.2,6.2,76.2,12.5,4,376,0.779402268
725.7,0.2756,1,3.8,4.9,75.8,22,7,406,0.911133516
732.9,0.695,12.2,16.7,29,68.5,23.1,11,1958,0.517789591
729.4,1.7681,9.7,9.7,19.4,77.4,22.2,17,2478,0.27614116
735.2,0.5034,7.7,12.9,20.8,69,-2.8,12,1274,0.348631955
728.6,0.5002,3.4,16.3,19.8,78,15.4,19,980,0.359510961
714.4,0.256,3.2,6.7,10,83,10.2,3,477,0.240801927
730.7,0.5424,5.6,12.4,18.1,67,25.3,16,1846,0.756833398
731.9,0.5656,2.6,7.6,10.1,59.9,25.8,10,993,0.566829348
723,0.2972,0.8,9.3,10.1,87.6,10.6,7,710,0.886529875
736.1,0.4504,2.2,6.3,8.3,37.1,14.8,7,861,0.206299905
732.6,0.4363,7.8,9.9,17.8,83.9,6.9,9,893,0.020508221
724.8,0.4444,4.5,8.8,13.4,84.3,9.4,7,902,0.217540744
727.2,0.2708,3.3,7.5,11,72.4,8.6,10,610,0.407213809
729.2,0.7375,15.3,12,27.4,72.3,24,13,1933,0.817216256
730.9,0.7419,4.2,8.2,12.4,65.6,20.5,14,1589,0.630973972
733.5,0.3478,2.5,13,15.3,82.4,19.1,12,1494,0.69902297
730.3,0.2112,1.5,8,9.5,54.6,12.1,8,592,0.903038222
732.6,0.2711,1.4,3.1,4.7,77,23.3,5,648,0.857102194
727.8,0.4627,3.1,8.4,11.5,86.2,22.4,13,1495,0.169055804
731.5,0.382,8.8,13.2,22.2,69,-1.2,8,826,0.451667724
735,0.6135,1.8,16,17.6,69.8,10.4,11,1165,0.926330918
732.3,0.2646,3.4,11.7,15.2,81.8,-0.6,8,868,0.53637951
732.8,1.0472,55,30,85.1,49.3,0.9,19,3212,0.419060748
730.5,0.9084,7.4,19,26.5,63.9,24.5,18,2796,0.731149613
727.5,0.3543,4.6,7.9,12.6,43.6,9.8,4,519,0.19813549
728.4,0.2075,0.6,4.6,5.3,75.7,20.5,10,650,0.85213187
725.9,0.4603,6.4,10.8,17.2,81.2,12.9,11,1155,0.990806034
729.2,0.7911,9.1,13.7,22.9,66.2,26.5,11,2207,0.723810868
720.5,0.3561,6.7,7.9,14.7,81.8,4.9,3,489,0.024415209
732.5,0.3021,5.8,9.6,15.5,66.8,8,4,631,0.866494462
728.2,0.3426,1.2,6.9,8.3,74.9,24.5,12,1029,0.65691554
739.8,0.2693,3.4,10.7,14.2,40.8,2.3,7,699,0.961936355
735,0.1999,0.4,4.1,4.6,50,15.9,8,500,0.353906445
727.8,0.6981,7.9,12,20,73.2,23.6,9,1358,0.068608061
723.6,0.4921,1.4,9.2,11.1,64.4,15.8,16,1603,0.048643034
732.9,0.2068,0.4,3,3.5,78.5,21.3,8,661,0.319213095
724,0.3205,2.4,8.1,10.7,85.2,14.4,5,658,0.254347417
721.3,0.3896,5.5,6.1,11.7,95.2,4.5,6,513,0.608020793
722.6,0.4861,8.3,13.8,22.1,79,8.4,10,1479,0.86051006
727.9,0.7562,13.6,23.3,37.1,46.5,4.1,7,1096,0.691131631
733.9,0.3883,2.4,6.8,9.3,72,27.9,9,1379,0.578605713
727.7,0.5357,8.1,11.3,19.5,74.3,24.8,12,1788,0.125633453
730.3,0.2168,1.4,6.2,7.5,82.3,12.6,5,483,0.066944501
732.5,0.4574,1.8,10.4,12.2,53,19.4,17,2016,0.172266958
727,0.5056,3.3,7,10.4,75.8,21.1,8,699,0.192686389
729.7,0.2797,6.4,11.7,18.2,71.9,-1.5,15,838,0.449643231
730.3,0.3234,4.6,10.3,15,65.1,8.7,6,628,0.657595339
731.1,0.4664,2.1,8.8,11.1,73.8,26.8,14,1559,0.982285739
731.9,0.4611,0.9,7.5,8.5,56.6,25.1,16,1316,0.433744166
729.7,0.5309,2.9,9.9,13,60.4,11,7,720,0.706388324
732.8,0.7144,9,7.5,16.6,71.4,18.9,9,1070,0.435384471
735.2,0.759,6.1,9.3,15.5,79,14.8,8,1356,0.756715389
729.8,0.319,4.9,19.3,24.3,65.7,2.1,17,1469,0.939943176
729.9,0.3843,7.5,12.3,19.9,84.9,3.6,8,902,0.416577083
727.7,0.2864,1.5,6.2,7.8,52.9,7.4,6,779,0.832432983
722.6,0.2004,0.8,5.2,6,81.7,14.4,4,388,0.539317381
723.6,0.5615,4.3,10.7,15.1,51.4,9.9,13,1275,0.070180149
730.8,0.2691,1.7,4.2,6.1,68.9,-4.6,8,292,0.395101106
721.2,0.3088,3.4,7.5,10.7,51.9,7.9,8,494,0.322343516
730,0.819,6.1,8.9,15,72.8,24,10,1457,0.215888275
730.1,0.2291,1.1,6.2,7.3,62.8,2.8,3,465,0.51162569
731.7,0.3254,7.8,10.9,18.9,59.2,-14.6,6,521,0.135154228
731,0.2623,3.3,5.3,8.7,71.9,19.2,7,1131,0.983819679
727.6,0.3087,5.8,12.7,18.6,64.9,5.5,12,1908,0.994782458
731.9,0.4972,3.9,10.6,14.6,82,8.4,18,1757,0.746553966
730.6,1.3983,7.1,12.8,20,68.3,25.6,21,2709,0.950658486
732.2,0.5398,3.7,12.9,16.8,85.9,12.5,12,1382,0.332272431
724.9,0.344,2.3,7.4,9.8,89.8,4.8,3,420,0.991116974
727.5,0.799,11.9,14.6,26.6,66.1,18.4,7,1345,0.395447134
728.1,0.5561,5.9,7.8,13.8,66.3,-1.8,8,599,0.834589445
729.2,0.5113,3.7,6.6,10.1,81.5,9.9,7,451,0.612176161
726.4,0.6605,5.8,10.3,16.1,63.4,22.6,8,1117,0.21558773
726.7,0.4508,8.5,9.1,17.8,78.9,2.1,4,721,0.424680958
721.2,0.3205,2.8,4.9,7.7,65.9,9.1,4,491,0.782039098
722.6,0.2109,0.7,6.6,7.3,94.4,4.1,2,301,0.699721339
729,0.2304,2.4,5.9,8.4,78.1,14.3,7,568,0.694956297
732.3,0.423,5,8.1,13.2,71.8,0.9,8,485,0.587977131
735.2,0.6263,2.6,14.5,17.2,33.7,13.8,15,1745,0.260956245
732,0.2458,2.4,7,9.2,55.1,17.1,9,762,0.377587252
733.9,0.3074,7.5,17.4,24.9,79.9,2.7,14,1432,0.888213115
729.8,0.5582,4.5,12.9,17.5,72.5,11.9,17,1794,0.289170605
726.6,0.4677,8.5,14.2,22.8,75.9,3.7,9,1141,0.051495363
733.4,0.3984,6.6,7.6,14.2,58.2,19.5,6,822,0.250165464
729.1,0.487,12.9,14.8,27.9,95.3,4.5,11,1277,0.215953852
722.2,0.2954,2.2,6.9,9.2,67.8,20.5,9,909,0.883237028
721.4,0.3253,3.5,10.4,14,77.7,7.3,7,760,0.315547482
729,0.3786,7,8.4,15.4,78.9,14,7,885,0.200801764
733,0.6709,3.9,8.9,12.5,69.8,22.7,5,808,0.904154261
721.1,0.3381,6.6,8.4,15.2,65.8,3.3,5,571,0.789577679
726.4,0.5892,6.6,12.4,19,76.9,25,8,1575,0.888724343
733.6,0.978,2.1,9.9,12.2,77.9,24.9,21,2104,0.153793049
726.7,0.3134,5.4,12,17.5,59.2,1.5,11,1022,0.633770197
725.5,0.4492,8.9,8.4,17.4,73,16.2,5,900,0.959869379
725.5,0.3462,1.7,8,9.8,85.3,2.1,9,759,0.830549064
731.1,0.1891,0.3,3.2,3.5,84.9,18.7,7,502,0.89889788
728.7,0.3139,1.3,5.2,6.5,66.3,23.1,13,971,0.519279727
728.6,0.1634,1,9.7,10.5,84.1,-1.9,10,765,0.7631129
728.3,0.7333,24.7,19.8,44.6,84.1,3.6,22,2199,0.222399603
729.2,0.4679,2.4,6.7,9.2,89.7,18.5,16,1027,0.92104922
726.5,0.3801,4.1,7.8,12,81.7,22.6,7,1089,0.711971784
730,0.4866,3.8,5.6,9.5,68.9,19,7,714,0.117538066
733.3,0.1895,0.7,3.6,4.4,76.3,23.4,5,570,0.287105591
727.4,0.2108,2.5,6.1,8.8,62.9,10.2,6,598,0.991116952
726.6,0.3375,7.4,12,19.5,67.6,-9.8,10,730,0.307881765
731.3,0.2789,2.2,4.9,7.3,67.6,0,7,308,0.73272386
733.2,0.3419,8.9,13.3,22.3,64.8,7.6,17,1807,0.254114527
729.8,0.3216,4.8,9.2,14.2,64.8,-9,13,497,0.140951478
729.3,0.2219,2.2,7.3,9.5,55.7,2.2,4,402,0.152208661
732.2,0.4629,3.6,5.4,8.8,67.2,20.9,4,606,0.921200022
728.2,0.2618,1.3,6.5,8,70,26.8,12,1058,0.487430638
730.7,0.2823,4.9,11.1,16.1,65,8.9,7,797,0.158469663
730.5,0.4031,5.9,13.5,19.5,66.9,8.3,12,1521,0.305289503
728.6,0.7046,6,14.6,20.7,69,22.2,13,1560,0.62488661
727.4,0.623,7.4,12.5,20,68,23.8,10,1436,0.81322754
726,0.4489,8.1,9.7,17.8,81.6,6.9,5,623,0.193369212
735.1,0.6322,3.8,9.3,13.1,74.8,17.2,12,1429,0.269011218
737.4,0.4115,7.4,9.7,17.2,60.1,-2.5,7,666,0.675265831
728.8,0.6905,6.4,16,22.1,76.1,22,16,3107,0.165845505
731.1,0.6063,8,11.9,20,58.9,20.8,6,1131,0.734622577
729.5,0.4912,11.4,11.8,23.3,76.6,4.2,9,959,0.698318279
733.2,0.3509,5,12.9,18.1,85.4,8.7,10,1140,0.965994579
729.8,0.8247,11.6,22.3,33.9,72.9,6.9,18,2209,0.712684655
722.1,0.3906,4.6,10.1,15,55.2,16.1,7,1011,0.932752954
726.3,0.5433,2.9,9.2,12.2,71.8,14.9,8,1327,0.250182849
729,0.5732,9.7,8.4,18.3,69.7,21.7,6,1281,0.227449607
734.9,0.9288,18.6,20.6,39.4,58,16.2,13,2242,0.785043275
717.9,0.255,2.6,4.6,7.3,62.2,6.8,3,246,0.521855813
733.3,0.3172,0.4,9,9.3,85.7,6.1,9,748,0.536274724
729.9,0.572,2.8,15.2,18.8,48.8,17.7,20,1599,0.888362225
726.1,1.0771,7.2,13.3,20.6,63.6,19,14,1880,0.453876023
722.7,0.2504,1.8,7.2,9.1,77.1,12.3,6,540,0.120233087
729.7,0.5905,5.3,10.9,16.4,76.3,25.5,13,1596,0.112707633
724.5,0.3777,2.3,11.6,14,92.6,14.8,7,1175,0.958283867
728.1,0.226,2.6,4.8,7.4,78.8,-0.3,2,211,0.57683582
728.9,0.3648,7,8.1,15.1,63.4,8.3,4,667,0.908242904
723.9,0.4453,9.6,12.7,22.4,87.5,1.6,9,691,0.679033689
733.4,0.3935,7.5,8,15.1,68.1,14.9,6,805,0.565976827
729.6,0.2568,5.1,12.2,17.3,65.7,-10.2,13,720,0.327403336
732.1,0.4637,8.3,9.5,17.8,66.4,22.2,11,1293,0.468152879
731.3,0.7817,5.3,15.3,20.7,67.3,27.3,23,2515,0.7501368
726.3,0.5061,11.5,12.1,23.7,62.3,1.1,7,807,0.310083416
729.7,0.2607,1.9,6.9,9,69.6,-0.4,9,544,0.36446695
723.6,0.2702,2.6,6.9,9.5,89.3,20.2,6,833,0.088144153
740.8,0.2844,1.8,6,7.9,45.5,0.6,6,630,0.059279357
734.5,0.69,7.3,14.9,22.2,52.1,23.7,10,1398,0.354463925
728.2,0.4953,8.9,12.7,21.7,90.2,3.2,10,876,0.9689151
725.5,0.6937,2.6,9,11.7,75.5,20.2,20,2012,0.023900821
729.1,0.4994,5.1,10.7,16,71.9,26.2,13,1398,0.081393299
727,0.517,1.5,9.5,11.1,73,19.7,19,1918,0.588156559
734.9,0.4615,2,5.9,8,64.9,21.5,9,1502,0.711160744
730.7,0.448,4.3,6.3,10.8,88,17,6,703,0.839784709
730.1,0.6263,4,13,17,69.6,23.9,13,1657,0.880671094
731.1,0.3558,6.1,11.3,17.5,59.4,2,6,873,0.536755206
727.9,0.2722,0.9,4.7,5.8,70.6,26.1,10,848,0.761980148
733.5,0.4463,7.4,7.6,15.2,64.5,11.5,3,659,0.71489592
727.3,0.2334,2.6,5.4,8.1,59.9,10,3,292,0.699328691
732.6,0.2709,3.5,4.1,7.6,79.5,24.6,4,1323,0.924049953
730.5,0.2924,3.6,13.5,17.3,70.2,-1.3,17,1031,0.948373955
735.2,0.3119,4.2,6.5,10.5,71.7,16.4,5,1057,0.040435238
737.7,0.408,0.9,4.9,5.8,67.7,-12.5,7,714,0.585195037
733.9,0.9532,19,20.6,39.7,78.9,11.1,17,2940,0.757720627
728,0.82,4.6,12.7,17.4,73.5,22.3,18,1831,0.390882893
732.7,0.5551,0.9,7,8.2,65.2,25.9,17,1449,0.78230846
732,0.9394,10.1,13.5,23.7,84,19.2,13,2037,0.604241523
722.7,0.4547,6.8,12.7,19.6,57.6,13.7,9,1385,0.137560284
738.3,0.3852,6.3,8.8,15.2,55.2,-7.5,8,522,0.342323603
729,0.2671,2.1,6.2,8.4,88.6,14.2,6,635,0.829597455
736.5,0.4926,8.5,13,21.6,64,-10.5,17,1075,0.278587733
725.7,0.5547,5.8,11.9,17.8,88.8,1.6,17,1389,0.974287131
725.1,0.6722,8.8,11.7,20.6,74.2,22.6,11,1381,0.446866404
733.2,0.9918,33,20.2,53.3,83.3,2.7,27,3217,0.167963464
723.4,0.365,6.6,7.1,13.7,80,7.9,4,520,0.868873543
731.8,0.914,4.1,10.7,14.9,68.6,27,20,2020,0.032124651
736.9,0.3496,4.3,11,15,75.9,11.6,7,1252,0.335445843
739.4,0.2889,3.3,9.2,12.6,71.9,-3.7,11,736,0.685596806
734.4,0.7844,6.7,8.9,15.7,66.8,20.8,15,1820,0.2408517
733.6,0.2009,1.6,5.8,7.4,65.9,20.4,5,698,0.0417643
731.1,0.4363,4.9,6.6,11.6,90,9.9,7,655,0.472288083
728.7,0.4315,5.4,9.9,15.4,76.5,17.9,8,1137,0.885864872
731.2,0.249,5.2,10.3,15.6,85.7,0.8,6,611,0.229310903
729.4,0.3433,1.4,6,7.5,59.8,21.3,5,1104,0.186768983
734.7,0.2763,0.9,5.3,6.3,67.5,17.9,13,1190,0.467041465
735.2,0.4492,4.8,4.6,9.2,70.5,11.5,3,477,0.602637828
731.1,0.4056,3.2,8.5,11.9,59.1,24.2,10,1078,0.074289338
730.7,0.5635,3.7,15.6,19.4,55.8,7.8,17,1212,0.748600237
725.5,0.343,3.8,9.2,12.7,44,17.4,9,1121,0.248041616
724.8,0.3278,2.1,5.9,8,80.3,21.9,11,773,0.187300874
722.4,0.3591,5.7,11.6,17.5,75.2,2.5,7,862,0.615435139
735.7,0.838,11.8,17.9,29.9,66.7,13.1,14,2262,0.722658591
725.2,0.7473,6.9,10.1,17,67.1,14.5,6,1003,0.611122624
730.2,0.4102,13.2,16.7,30,83.7,-0.3,16,1100,0.187699981
721.4,0.3713,2.6,5.6,8.3,94.1,12.8,7,387,0.913901508
723.8,0.2946,0.6,4.9,5.6,74.3,24.9,8,809,0.412814186
736.7,0.9182,5.8,17.4,23.3,38.6,19.7,17,2619,0.420828768
731.4,0.5684,3.7,8.2,11.8,65,20.1,14,1826,0.139843553
734.8,0.6305,8.8,8.7,17.6,75.9,2.5,5,797,0.909786276
732.7,0.3949,1.7,5.4,7.3,63.1,25,9,1039,0.251808046
740.2,0.5558,8.8,17.1,26,74.9,-3.9,16,1093,0.693094927
729.3,0.3918,3.8,5.8,9.7,76.3,7.6,4,328,0.527426339
732.5,0.1645,0.3,5.3,5.8,84.2,9,7,512,0.226978721
730.5,0.188,0.4,3.9,4.4,74.9,14.7,15,1039,0.424710271
729.2,0.4348,1.9,8.8,10.9,82.7,22.5,11,1064,0.575428635
733.3,0.2737,0.8,3.7,4.6,74.4,20,12,997,0.22656336
726.6,0.4565,3.1,15.4,18.4,64.2,9.4,11,1076,0.870555567
729.9,0.5405,8.4,12.5,21,61.3,18.3,9,1279,0.713198135
733.2,0.3228,0.9,5.8,6.8,67.4,26.6,12,1273,0.242892127
725.4,0.3184,0.4,5.5,6,56.7,13,9,1141,0.910211748
731.3,0.8093,23.7,17.6,41.4,81.4,7.6,22,2508,0.62733948
730.3,0.8126,3.8,11,14.9,81,22.1,16,1478,0.825847236
729.3,0.3827,3.4,13,16.5,90.4,3.2,14,1098,0.833380805
721,0.4437,5.1,9.5,14.5,80.8,11.1,6,726,0.447704962
733.5,1.1482,15.6,18.1,33.7,79.7,-2.6,32,2859,0.230821973
720.5,0.2832,1.6,9.8,11.5,86.2,9.1,6,800,0.518858071
730.2,0.5646,10.9,12.2,23.2,75.1,21.5,11,1705,0.065226057
729.4,0.5884,6.5,7.6,14.2,64,10.6,4,709,0.793063044
724,0.4259,0.5,9.7,10.2,64.4,9.6,14,1562,0.78758631
722.6,0.4099,18.5,17,35.6,77.5,6.2,9,1855,0.486395014
726.8,0.2316,1.7,4.1,5.9,83.6,23.7,6,639,0.670171802
722.3,0.6563,11.7,19,29.8,75,5.2,9,1471,0.674390893
735.9,0.4387,5,6.8,11.8,58.4,-5.6,5,505,0.674846149
718.5,0.3736,1.5,7.9,9.5,72,12.9,6,537,0.801821809
730,0.3359,7,9.1,16.2,63.1,-12.1,8,556,0.74596383
737.1,0.9175,18,24.6,42.7,67.9,-3.5,26,3030,0.742051883
726.6,0.6224,11.3,12.3,23.7,70.8,17.4,15,1799,0.076301924
733.2,0.3339,3.4,7.1,10.6,66.8,16,5,751,0.47217239
732.7,0.647,12.5,9.1,21.6,68.1,20.2,5,1145,0.30929491
736.8,0.2797,2.4,10.6,13.1,52.4,-4.2,7,747,0.010938137
728.8,0.2537,0.8,5.8,6.7,55.7,24.9,11,801,0.197845316
728.6,0.57,4.6,10.4,15,67.1,27,18,1791,0.789577223
734.1,0.4018,5.2,11.8,17,82.7,3.3,19,943,0.495601069
730.6,0.3618,2.4,7.6,10.1,74.3,25.6,15,1194,0.434169545
720,0.3798,3,8.3,11.4,86.9,3.2,10,669,0.08003032
726.6,0.9754,12.7,15.6,28.4,57.3,9.1,10,1288,0.402661925
730.2,0.4275,3.3,5.2,8.2,60.3,7.1,5,323,0.282472299
737.7,0.9045,7.6,17.1,24.8,65.9,10.7,17,2896,0.001278136
733,0.2678,3,8.1,11.2,56.2,-0.2,8,737,0.680813997
723.9,0.2301,0.9,6.7,7.7,87.6,5.7,7,460,0.255639282
737.1,0.5264,17.8,14.1,32.1,76.1,6.7,8,1250,0.276700346
730.5,0.3532,8.4,12.8,21.3,68.9,-3.8,11,862,0.698358183
727.6,0.3131,1.8,7,8.9,84.2,23.7,10,1032,0.691196605
732.2,0.5551,3.9,15,19,31.7,18.6,13,1496,0.569211285
731.4,0.6337,8.5,11.9,20.5,69.3,20,8,1091,0.33238235
726.5,0.42,6.5,9.1,15.2,77.5,12.3,4,879,0.78002922
736.6,0.5261,11,22.6,33.6,76.1,-12.4,13,1194,0.213361694
731.2,0.2715,1.7,6.1,7.9,85.2,21.3,12,1184,0.687361475
729.5,0.4852,3.5,11,14.5,41.6,13.3,7,882,0.129002396
733.7,0.5285,6,13.9,20,88.4,6.7,22,1600,0.959681518
723.1,0.3922,1.5,9.9,11.1,47.1,21,12,1338,0.401601032
723.8,0.332,1.2,4.6,5.9,82.7,20.4,7,461,0.940030208
727,0.4154,3.4,10.3,13.9,68.2,7.4,10,1186,0.974059809
729.8,0.4814,2.4,9.1,11.6,43,16.8,5,824,0.136722044
731.4,0.4645,4.8,7,11.9,74.7,20.3,7,935,0.348876412
727.8,0.2101,2,5.9,8,72.1,16.8,8,782,0.811850801
717.5,0.3964,1.4,12.2,13.7,86.8,8.2,10,1113,0.158969095
732.2,0.4085,3.4,8.2,11.4,84.3,22.5,11,1188,0.026539799
724.4,0.4013,10,10.8,20.9,88.8,0.6,6,702,0.209593498
728.9,0.4912,6.5,10.3,16.8,87.6,24,8,1384,0.773091445
718.9,0.2893,3.5,5.6,9.3,75.3,11.3,3,400,0.040134332
728.8,0.5414,3.6,7.3,11,79.3,8.8,6,647,0.328321719
730.4,0.4804,2.4,7.3,9.8,61.1,25,9,827,0.442900248
739.1,0.4297,7.4,17.4,24.9,71.8,-12.9,15,1063,0.780178334
722.9,0.3794,0.7,10.2,10.8,49.7,13,10,1121,0.93456971
728.2,0.6902,2.9,9.7,12.7,76.8,27,15,1685,0.2928912
730.2,0.2839,2,12.1,14.2,52.1,12.8,11,1354,0.488591165
737,0.8017,9,18.5,27.6,49,10,14,1890,0.871316072
739.3,0.3561,3.1,8.1,11.3,57.1,-2.1,8,1011,0.010691713
723.8,0.253,1.6,8.9,10.6,65.9,3.5,9,983,0.934569595
734.5,0.7336,23.6,20.8,44.6,74.1,2.8,18,2578,0.049083322
728.5,0.7052,7.4,14.7,22.2,61.4,23.7,14,2035,0.263336242
734.5,0.4783,6.3,8.3,14.7,77.1,4,8,633,0.5009426
721.2,0.4246,7.4,10.2,17.6,87.4,1.4,6,654,0.104181243
730.2,0.4612,4.2,9,13.3,89,11.6,12,1830,0.56319694
731.5,0.701,2.1,13.2,15.4,39,22.7,16,1482,0.853459617
731.1,0.5027,5.6,10.1,15.8,76.7,16.9,7,954,0.764305242
727.8,0.6237,9.4,11.8,21.3,65.4,21.5,8,1295,0.164083843
721.2,0.4213,5.6,8,13.7,75.8,11.5,4,537,0.71739309
735.5,0.4836,5.8,10.9,16.9,45.9,16.4,9,1328,0.178045992
727.7,0.572,3.7,12.8,16.6,87.5,21.9,13,1844,0.015703705
732,0.719,2,10.1,12.2,75.5,24.7,18,1680,0.016955524
720.8,0.3943,11.7,16.3,28.2,92.5,0.9,11,1091,0.707193328
732.8,0.2551,2,10.6,12.7,67.5,4.3,10,1125,0.745433245
727.2,0.5162,2.9,6.1,9.1,73.3,25,10,814,0.09786321
732.1,0.3699,5.7,8.7,14.5,61.5,-0.3,7,523,0.966289169
731.5,0.3879,9,10.1,19.2,76.6,-0.5,4,659,0.723269065
727.4,0.6173,4.2,10.6,14.9,69.4,25,16,1718,0.653349124
726.7,0.4442,4.7,8,12.5,88.7,21.5,8,1014,0.831475469
733.1,0.3947,3.7,14.3,18,69.1,-0.7,17,1383,0.809248719
731.3,0.6376,2.5,8.5,11.1,88.3,22.2,11,1545,0.753462607
732,0.4824,9.6,13.7,23.4,85.6,5.3,9,1090,0.49050013
722.5,0.4938,10.9,12.9,23.9,80.5,2,8,952,0.525921715
724.9,0.5061,8.5,16.1,23.9,56.8,8.5,16,1844,0.203480752
730.1,0.3526,1.5,7,8.5,69.8,27.3,13,1263,0.646063094
735.4,0.3089,5.8,8.3,14.2,54.5,1.6,5,601,0.790431545
732.9,0.2058,3,8.2,11.4,75,0.2,8,462,0.613578098
727.8,0.8761,5.1,14,19.2,67.3,21,19,1963,0.057046298
729.6,0.9004,7.8,17.1,25,58.4,20,20,2070,0.555598305
733.8,0.2011,0.5,3.5,4.1,73,23.9,5,550,0.231873332
732,0.679,10.6,12.1,22.8,78.3,24.2,8,1376,0.955597346
728.8,0.2402,3.9,7.8,11.8,60.6,-14.5,6,377,0.030100977
721.6,0.2949,1.1,6.6,7.9,69.3,20.9,8,765,0.544481872
729.1,0.503,9.8,7.3,17.1,78.8,22.2,9,1348,0.408704114
738.5,0.7427,15.1,13.7,28.8,61.5,7.1,6,1030,0.662323624
729.8,0.2878,4.8,13.4,17.8,79.9,2.8,8,1123,0.787952342
733.5,0.5838,6.3,11.6,18,56.2,25.5,10,1506,0.336893707
732.1,0.8564,8.1,14.7,22.9,60.5,23.6,10,1625,0.588618874
729.7,0.4299,2.9,11.6,14.2,67,1.4,14,1011,0.597924678
731.4,0.3702,2.3,8.7,11.1,67.2,27.5,9,1440,0.654914854
726,0.3842,4.5,9.2,13.8,72.9,12.8,13,1328,0.731849698
738.3,0.4861,4.1,8,12.3,70.6,5.5,7,746,0.449537004
735.2,0.3917,0.9,5.4,6.4,69.4,28.1,11,846,0.173395299
730.8,1.3418,42.5,22.2,64.8,91.4,1.4,28,4030,0.648986391
738.2,0.2222,0.9,3.9,4.9,58.4,5.3,6,626,0.43628253
735.1,0.3657,7.7,8.4,16.2,66.2,-8,8,509,0.516760249
728.3,0.3301,2.4,9.3,11.8,49.6,3.2,14,1071,0.948779827
731,0.6537,10.3,8.6,19,66.5,20.6,5,1059,0.879701416
725.1,0.4735,3.6,10,13.4,78.4,23.3,11,1350,0.357670704
729.9,0.2659,2,9.1,11.1,77.2,3.5,9,594,0.749713916
731.1,0.3024,4.3,13.1,17.5,62.1,13.5,18,1868,0.114072953
734.5,0.4419,8.4,15.7,24.2,69,-8.6,15,1118,0.730863957
736.1,0.7529,11.1,17.4,28.6,61.7,3.6,15,2118,0.414517361
731.9,0.4218,6.1,7.4,13.6,57.2,18.7,4,697,0.352661548
717,0.3336,4.1,4.8,9,90.2,7.2,3,324,0.044849175
723.8,0.361,5.9,8.8,14.7,78.9,0.9,5,468,0.089945088
733.1,0.5477,9,12,20.7,74.5,13.4,8,1308,0.695973402
732.1,0.6897,8.4,13.6,22.1,71.9,26.3,10,1746,0.107630215
730.6,0.2953,6.4,7.8,14.3,87.4,-2.2,5,464,0.110299321
732.7,0.5137,9.1,12.2,21.4,53.8,0.6,5,786,0.69208689
734,0.5267,10.1,14.6,24.8,43.2,10.5,8,1483,0.382347506
729.7,0.5071,1.6,8.1,9.8,83.3,24.8,12,1484,0.907865091
737.6,0.5077,11.3,13.4,24.8,53.3,-1,7,927,0.217030752
726.5,0.4491,2.5,6,8.6,76,22.7,9,721,0.401656586
731.3,0.3701,1.4,10.1,11.5,78,-5.5,9,776,0.767025753
744,0.6475,18.6,22.4,41.1,72.2,-5.4,10,1304,0.605644403
735.7,0.2573,4.7,14.4,19.2,72.8,-5.1,8,876,0.772013225
724.5,0.7443,11.4,15.4,26.9,83.9,2.9,22,1840,0.256020714
729.6,0.2133,1.7,8,9.8,60.4,0.9,7,561,0.528566789
728.6,0.3557,3.3,6,9.3,81.4,7.3,5,501,0.068927901
732,0.5012,2.9,10.4,13.4,66.2,26.3,10,1261,0.993126262
730,1.035,8.4,14.9,23.4,63.2,26,19,2134,0.523898609
727.6,0.3029,0.9,5.3,6.4,72.4,25.6,7,937,0.393783841
729.7,0.2482,1.3,3.5,4.9,81.9,14.9,5,517,0.819512201
732.5,0.9603,6.3,14.7,21,69.6,26.2,17,2263,0.892894311
734.3,0.7182,5.3,6.8,12.2,81.3,21.2,6,844,0.782337996
724.9,0.3249,8.9,7.9,16.9,70.5,4.7,5,647,0.499382762
729.6,0.3561,3.4,6.1,9.6,75.9,13.8,9,755,0.546685697
723.5,0.2684,2.7,6.2,9,72.9,13.6,4,391,0.790489035
730.2,0.1911,1.3,7.5,9,52.1,-0.2,8,593,0.775953556
735.7,0.5625,11.5,12.7,24.3,39.5,3.4,5,911,0.045922951
740.1,0.5727,11.5,19.2,30.8,69.9,-5.5,9,1020,0.37452607
726.3,0.4385,3.2,6.8,10.2,65.5,22.8,7,628,0.284852437
727.2,0.2654,4.6,6,10.7,71.9,15.9,7,1006,0.465341337
732.5,0.5012,2.8,9.3,12.2,72.1,21.8,10,1311,0.950381858
735.4,0.1802,0.8,6.2,7.1,65.2,5.4,5,705,0.95147039
730.3,0.4244,2.4,11.2,14.3,75.7,3.7,15,1185,0.706722365
730.7,0.2643,1.7,8.7,10.4,42.9,13.2,12,1604,0.470319416
725.8,0.5207,4.9,10.5,15.4,64.8,9.3,8,895,0.039223352
727.7,0.2131,1.4,4.7,6.2,69.6,12.8,6,514,0.712070499
728,0.4372,2.1,8.4,10.5,77.6,24.5,9,879,0.995421057
731.7,0.276,4.6,6.7,11.3,64.9,9.3,6,608,0.18425675
732.3,0.4991,10.9,8.1,19.1,70.5,14.3,7,1097,0.239332944
724.4,0.2851,0.6,4.5,5.3,81.3,20.4,14,1162,0.852401909
733.7,0.3802,3.5,4.3,8,72,3.7,4,290,0.968730353
733.5,0.2237,1.6,3.4,5,67.7,13.3,4,480,0.961581469
731.4,0.6605,1.5,8.9,10.5,62.6,27.1,18,1330,0.613607122
735.4,0.2391,1.1,8.4,9.6,82.5,1.4,9,613,0.240776657
732.4,0.4453,10.3,9.1,19.5,63.4,12.2,6,1132,0.413383349
733.6,0.513,6.3,5.5,11.9,76.4,16.3,6,804,0.527613404
729.4,0.4253,4.4,8.8,12.9,74.5,22.5,11,1418,0.368094192
729.6,0.4615,4.3,8.3,12.7,88.7,20.7,11,1081,0.576300636
721.9,0.3794,6.6,10.1,16.9,69.7,1.5,7,764,0.942932128
728.4,0.4666,9.6,11.4,21.1,48.7,9.1,4,815,0.76626038
728.1,0.4376,6.9,8.8,15.8,76.6,3.9,6,666,0.910238562
731.7,0.3875,3.2,12.5,15.7,63.8,1,10,1496,0.430438485
729.8,0.4226,10.3,9.6,20,83.3,5.9,5,656,0.53835223
727.1,0.4282,8.3,8.8,17.2,83.4,7.7,6,652,0.990043752
732.9,0.4061,4.2,3.8,8.1,82.1,16.5,6,754,0.664600212
728.6,0.5022,2.5,7.4,10,73.6,29.2,16,1149,0.430257177
728.4,0.3641,6.5,11.5,18.1,75.6,2.7,8,725,0.522793566
723.3,0.4742,2.4,8.4,10.9,82.3,10.4,8,999,0.508697014
727.7,0.4065,6.6,13.3,20,87.3,10.9,12,1807,0.160925037
724.6,0.4084,6.1,13.1,19.3,59.4,-1,10,966,0.527814313
725.9,0.2496,2.1,3.8,6,53.4,2.7,4,251,0.15104803
733.2,0.3356,7.6,10.7,18.4,59.9,-10.8,11,702,0.070778546
728.1,0.4429,2.5,11.7,14.3,55.2,8.7,10,1345,0.377471515
732.5,0.3936,3.2,6.5,9.7,61.8,17.9,5,716,0.185065805
730,0.8347,11.2,17.6,28.9,55.9,21.1,11,1702,0.460095715
733.3,0.3373,2.3,8.9,11.4,64.1,8.8,7,624,0.783534082
725.3,0.2971,2,7.2,9.2,78.7,-0.8,7,686,0.245565014
731,0.2167,1,5.1,6.1,68.7,25.6,10,780,0.517129215
728.4,0.1779,0.8,3.9,4.8,77.2,24.9,4,689,0.555200292
730.6,0.3212,9.3,12.2,21.6,62.2,-8.8,6,575,0.645458824
726,0.3339,2.7,9.6,12.3,85.2,7.9,8,900,0.554578887
726.3,0.6148,8.1,10.7,18.9,71.4,20.3,9,1414,0.140682259
725.3,0.2681,1.6,5.9,7.4,75.3,25.5,10,961,0.34494967
732.7,0.542,3,9,12.2,68.7,13.7,10,1186,0.591297852
724.2,0.6322,1.5,14.9,16.4,50.1,12.2,17,2315,0.152049374
727.8,0.4289,1.5,7.6,9,59.9,26.6,14,1042,0.357806869
729.8,0.3799,7.8,9.1,17,59.6,-2.3,5,554,0.418323251
729.5,0.3156,4.3,5.8,10.2,61.5,17.3,4,608,0.679477038
729.3,0.6957,7.6,16.4,24.1,45.8,7.6,7,950,0.533295183
730,0.3075,5.1,13.2,18.4,82.1,-8.3,15,901,0.071805025
731.1,0.5196,2.4,13.5,16,37.2,5.4,11,1469,0.320886921
730.4,0.533,7.6,11.4,19.1,61.6,22.9,9,1487,0.134331792
733.6,0.3916,3.5,8.6,12.2,81.9,-1.1,14,1092,0.275826336
729.9,0.3967,1.9,12.4,14.2,78.3,12.7,17,1639,0.022091162
726.3,0.5259,10.7,14.2,25,65.7,11,15,2031,0.878905826
735.9,0.4879,10.3,16.4,26.7,73.2,-2.7,14,1198,0.940997286
733.5,0.4942,7.7,6.1,13.9,69.8,15.5,3,634,0.986550361
730.3,0.616,7.3,8.9,16.3,61.3,20,2,1138,0.760024335
735.2,0.6619,7.2,8,15.3,70.2,18.4,10,1515,0.423752976
730.6,0.3868,3.2,6.7,9.9,60.5,4.7,5,454,0.651688983
740.5,0.5599,10.5,12.9,23.5,70.4,0.1,11,1065,0.768842727
733.5,0.7261,13.5,21.3,35,35.7,11.9,11,1511,0.109984813
732.7,0.3562,2.5,8.1,10.6,75.2,24.7,17,1660,0.009942294
731.1,0.4057,7.7,10.5,18.3,83.4,15.4,17,1734,0.946350252
731.7,0.6096,7.9,7.2,15.2,93.2,16,6,877,0.675246097
729.1,0.2247,1.8,7.3,9,65.9,12.8,5,736,0.093965808
731.5,0.7208,8.5,19.2,27.8,74.2,10.5,14,2038,0.289370136
731.3,0.4871,2,7.9,10,83.5,22,21,1821,0.028950516
731,0.4288,5.4,8.4,13.9,57.5,11.5,5,635,0.873766576
729.5,0.5942,2.1,7.2,9.5,68.8,23.7,12,1187,0.294002335
727.5,0.5141,1.6,8.2,9.9,75.3,23,11,1131,0.67773918
733,0.602,4.4,10,14.4,51.3,2.8,5,786,0.05136492
734.4,0.4986,7.1,10,17.2,77.6,6.3,7,750,0.148697774
725.1,0.65,12,18.9,31.1,44.3,7.1,9,1396,0.198242422
728,0.4328,1.6,9.8,11.5,74,20.5,12,1285,0.202362709
729.3,0.2937,5.9,10,16,73.8,-4.2,11,558,0.180714007
729.1,0.5623,9.1,11.3,20.4,74.4,24.3,13,1417,0.924776451
728.4,0.8769,7.5,10.1,17.7,64.1,21.5,11,1603,0.208282256
730.7,0.3345,0.9,13,14,32.8,19.4,14,1347,0.149011581
726.2,0.3137,4.9,8.4,13.4,71.9,-0.9,4,505,0.123480197
733.3,0.5787,15.9,11.6,27.6,89.3,3.7,6,937,0.836578173
734.9,0.1763,1.4,4.3,5.8,77.8,16.1,5,643,0.608937604
732.8,0.7424,10.1,13,23.2,61.6,24.2,11,1521,0.269595127
728.7,0.4891,7.8,9.4,17.4,56.4,-0.6,6,617,0.718282859
728.1,0.3656,1.9,6.6,8.6,87.6,22.5,12,1092,0.317176834
731.5,0.5352,7.6,8.9,16.5,67.5,22.4,6,1236,0.113955403
729.8,0.5627,6.6,11.3,18,85,20.4,11,1465,0.545626055
736.6,0.9037,8.9,12.9,21.9,66.7,0.6,12,1409,0.187663577
729.8,0.4316,6.2,7.7,14,54.3,14.9,5,710,0.541521946
736.9,0.5128,9.5,16.1,25.7,64.4,3.5,18,1164,0.512286453
738.6,0.4823,6.2,13.3,19.7,65,-14.7,9,778,0.298526017
729.8,0.7125,5.6,12.5,18.2,70.9,25,18,1961,0.716657001
728.5,0.3851,2.1,5.8,8,87.5,24,10,1017,0.719471598
727.4,0.4094,3.9,8.8,12.8,66.4,-1.2,10,556,0.442163677
733.5,0.413,6.1,8.7,14.8,55.5,23.3,10,1076,0.822941931
741.8,0.4448,9.7,15.2,25,65.2,-3.8,8,773,0.479350809
734,0.5101,3.5,10.4,14,67.4,27.8,11,1206,0.278600672
725.2,0.5449,11,14.6,25.8,74.7,-3.2,8,1024,0.510368811
728.7,0.4983,13.6,13.7,27.5,85.4,0.9,3,1237,0.002435286
725.8,0.4354,6.7,8,14.9,74.8,7.2,7,646,0.20096504
745.3,0.4795,5.6,9,14.6,55.9,-4.9,6,646,0.709625122
727.9,0.3135,1.4,7.5,8.7,88.5,15.5,10,854,0.733379739
727,0.2388,3.1,6.9,10.1,83.9,21.9,5,949,0.256489019
722.8,0.5443,3,15.3,18.4,89,4.2,13,1175,0.046157864
730.3,0.6322,6,8.4,14.5,68.9,23.3,8,988,0.456754562
739.3,0.2106,3.1,11.6,14.7,60.9,-0.1,6,750,0.274250016
728.2,0.4942,3.4,7.2,10.7,73.5,23.9,9,922,0.260930824
723.4,0.223,5.7,10.3,16,77.9,-6.1,8,565,0.175155674
729.4,0.2793,1.4,7.5,9,56.4,5.1,8,678,0.479646007
733.4,0.4895,9.5,14,23.6,58.7,-1.5,10,986,0.522854243
730,0.5504,6.6,9.5,16.2,80.9,6.1,7,811,0.965413608
729.5,0.4396,3.4,11.2,14.7,59.4,19.3,14,1431,0.713808075
727.5,0.3683,3.3,4.9,8.2,55,12.3,7,473,0.319603299
736.9,0.3568,2.6,4.8,7.5,47.3,1.4,4,328,0.865059119
723.8,0.2864,3.5,6.8,10.4,69.1,-0.6,5,392,0.77217282
732.2,0.8567,14.6,15.9,30.6,64.7,1.5,8,1143,0.127832306
737.9,0.6073,28.6,22.9,51.6,55.6,-2.8,17,2313,0.030041601
732.1,0.9186,15.6,13.3,29,69.5,8.5,16,1924,0.325202116
732.7,0.3541,6.3,7,13.4,88,18,5,1036,0.261184078
731.8,1.519,13.2,19.8,33.1,67.7,23.8,22,3579,0.219152111
728.3,0.3915,7.9,9.9,17.9,73.2,3.6,12,853,0.852993066
725.5,0.4374,7.6,10.2,17.9,61.4,14.9,5,820,0.879013368
730,0.3826,2.6,8.4,11,58,24.1,13,1141,0.096905658
733.3,0.3893,3.9,9.7,13.7,70.6,3.7,10,851,0.956501033
725.4,0.4728,1.9,5.5,7.5,70,10.3,7,360,0.273581771
727.2,0.4256,3.8,10.1,14,88.1,22.2,7,1337,0.78892736
718.1,0.5377,1.5,9.2,10.8,74.9,18.6,15,932,0.185843641
724.2,0.2587,3.1,7.8,10.6,82.2,6.6,5,638,0.889967751
731.6,0.4817,2.3,7.2,9.5,81.9,19,11,1513,0.009083217
730.8,0.3351,3.7,9.4,13.2,80.4,11.4,10,1043,0.897427891
728.6,0.2594,1.9,5.6,7.6,77.5,0.1,5,319,0.873233478
729.4,0.4628,3,5.6,8.5,60.3,23.6,5,583,0.080249739
731.1,0.6033,1.4,8.4,10,67.8,26.7,22,2056,0.253711796
725.5,0.5017,6.9,16.7,23.6,46.4,18.6,12,1707,0.060069754
730.6,0.5524,4,14.5,18.6,54.9,10.5,14,1276,0.195155012
726.4,0.4755,9.3,10.3,19.7,51.7,10.9,5,891,0.663018475
727.2,0.5188,6.6,10.7,17.4,79.4,24.1,11,1730,0.188142653
736.5,0.4908,3.5,4.8,8.4,67.2,13,4,705,0.109532054
724.2,0.2776,4.3,6.6,11,73.1,-2.8,4,357,0.834673002
718.5,0.2578,1.1,4.4,5.5,71.1,7.1,3,290,0.020647803
721.8,0.3665,5.1,9.2,14.4,55.4,1.6,7,588,0.1132859
726.2,0.6182,4.4,8,12.5,65.5,26,7,851,0.506766644
726.6,0.5555,13.5,15.5,29,62.2,19.5,13,2125,0.360833644
727.2,0.4016,6.6,6.1,12.8,89.2,21.7,5,948,0.490725617
725.7,0.3665,6.6,8.4,15.2,83,13.9,4,688,0.325874675
729.6,0.2663,1,7.2,8.2,53.8,21.4,10,932,0.410447891
725.4,0.4142,5.2,10.7,16,85.7,22.7,9,1551,0.745839137
732.9,0.2062,2.6,4.9,7.6,67.3,19.8,10,1316,0.937793965
724,0.3637,1.4,7.7,9.2,92.3,16.4,12,1152,0.575249969
729.9,0.3485,4,4.5,8.6,65.4,1.6,4,299,0.052639872
734.9,0.2797,1.8,7.1,8.9,41.3,14.7,9,784,0.058165294
727.7,0.8403,5.2,20.3,25.6,66.5,10.6,23,2014,0.865538964
733.7,0.4677,2.3,13,15.4,68,19.9,20,2152,0.850687135
737,0.4891,5.4,12.1,17.5,75.8,-2.4,13,1586,0.549430809
726.3,0.6263,7.3,14.2,21.6,58.5,25.8,10,1525,0.542810308
732.4,0.6168,8.9,8.8,17.8,86.6,18.2,5,1148,0.272613749
728.1,0.5043,2.5,11.4,14.1,70,25.6,17,1726,0.862050231
740,0.1917,0.5,5.2,5.9,56.5,4.9,5,360,0.793569883
728.9,0.4149,2.7,6.1,8.9,71.3,12.6,6,868,0.832378875
732.4,0.42,7.2,12.5,19.7,51.6,10.9,4,774,0.766697487
731.8,0.2245,1.6,7.5,9.1,66.5,3.3,5,567,0.302059209
737.4,0.94,12.2,17.8,30.1,65.3,3.6,10,1411,0.589061042
729.7,0.3618,1.8,5.3,7.2,64.4,24.3,8,694,0.098482418
733.3,0.5547,5,10.2,15.2,82.6,6.3,10,1014,0.834742949
736.3,0.4257,6.1,9.3,15.5,71.9,14.8,9,1123,0.1475895
726.8,0.4769,3.4,8.2,11.5,84.4,17.6,11,1270,0.803778297
724.7,0.3772,6.2,9.3,15.6,62.5,-1.5,5,506,0.03896224
734.1,0.4457,8.6,8.6,17.3,74.4,15.1,6,892,0.64869047
736.4,0.4677,8,12.9,21,67.1,6.1,10,1211,0.145260142
723.7,0.3634,1.6,4.7,6.4,82.3,21.5,6,529,0.841607286
730.2,0.5569,3.8,7,11,71,21.1,11,1260,0.492219882
731.9,0.6673,7.3,17.4,24.6,95.2,1.8,17,1863,0.70012751
730.3,0.5575,2.6,6.6,9.3,81.6,21.9,6,781,0.413953227
726.6,0.2875,2.8,5.5,8.2,66.6,19.8,6,585,0.529465199
729.9,0.6518,11.4,11.3,22.8,57.6,22.8,9,1032,0.250301203
728.5,0.595,3.7,10.5,14.3,69.1,10.5,9,1299,0.437493041
729.7,0.2474,0.9,5.6,6.7,73.3,15.8,12,1207,0.964390591
731.7,0.3376,6.7,8.2,15,71.1,-4.3,3,491,0.851744833
732.5,0.5067,3.6,15.1,18.7,60.6,17.4,10,1911,0.283558179
733.6,0.2403,0.9,3.2,4.2,68.8,18.2,6,560,0.857475011
723.4,0.3854,8,11.3,19.4,85.5,-0.4,6,692,0.679519695
727,0.2771,1.3,5,6.3,84.4,20.9,6,554,0.318421582
727.5,0.459,1.5,6.6,8,78.7,27.3,10,1357,0.105740745
720.3,0.4083,5.1,9.1,14.3,83.8,2.4,8,527,0.746701791
729.9,0.4785,12.1,10.6,22.7,86.5,8.7,9,1174,0.803384786
734.6,0.7276,13,18.3,31.4,67.9,2.3,20,1784,0.208974382
724.7,0.4527,3.9,9.7,13.7,75.1,23.7,9,1264,0.138153925
731.5,0.2576,1.3,8.9,10,86.9,19.5,15,1453,0.060352065
711.7,0.446,8.9,11.9,20.9,94.7,6.5,5,802,0.085430419
737.5,0.4225,7.5,7.7,15.3,45.2,0.8,4,595,0.481036982
726.9,0.4122,10.1,10.2,11.3,89.7,6.5,13,1519,0.831712555
728.9,0.5685,8.6,10.6,19.3,87.7,4,5,742,0.168941512
725.8,0.2588,2.9,9.3,12.3,66.1,5.4,9,779,0.916577329
730.8,0.6144,24.2,14.7,39,67.4,6.2,11,1827,0.577324167
732.2,0.2798,1.1,5,6.1,68.9,24.7,14,1176,0.258409792
731.2,0.2122,1.2,8.2,9.5,85.1,-1.4,10,584,0.201149215
718.4,0.2276,6.8,13.8,20.7,90.5,-1.2,10,739,0.684058289
730.4,0.3822,6.5,9.6,16.2,78.5,6,9,850,0.631678
729.2,0.6153,2.1,7.2,9.5,79.6,22,10,1146,0.313327142
732.2,0.5719,8.5,11.1,19.7,74.7,25.4,10,1437,0.337740987
732.7,0.6349,12.3,18.4,30.7,65.3,11.5,21,2512,0.930716187
732.4,0.4443,10.1,11.5,21.8,68,3.7,8,1001,0.447983275
729.8,0.3287,5.5,9.7,14.9,59.4,-5.3,7,506,0.914014629
735.8,0.9016,11.1,17.6,28.8,51.5,6.6,15,2081,0.764165583
727.7,0.3967,2.8,9.5,12.3,83.2,23.7,15,1629,0.041866492
725.5,0.4871,3.9,6.9,9.8,71.8,23.5,6,783,0.18062527
733.7,0.3873,6.4,11.9,18.1,43.7,11.9,8,1239,0.979941609
717.4,0.3158,3.1,7.3,10.5,85.8,15.7,3,571,0.953811101
730.2,0.5432,3,6.4,9.4,67.8,24.4,8,949,0.296758398
716.8,0.251,5,7.4,12.5,81.5,1.2,3,410,0.078450384
731.1,0.4651,5.6,9.9,15.6,72.5,21.1,13,1087,0.110846397
730.7,0.4382,9.9,12,22,66.4,3.1,7,656,0.238115289
729.3,0.322,2.8,4.5,7.4,74.2,16.4,9,678,0.236278081
725.1,0.2301,1.1,7.8,9,87.2,3,5,497,0.021882503
737.9,0.6295,1.2,12.1,13.4,44,8.1,11,1531,0.646852022
727.1,0.2538,5.1,11.1,16.4,71.4,-5.6,6,571,0.222313792
732.9,0.3157,1.2,10.5,11.8,55.2,14.5,15,1349,0.064710482
731.9,0.5321,2.4,11.3,13.8,63.5,25.2,7,1261,0.029841411
731.2,0.5044,3.5,8.9,12.5,67.6,25.3,13,1151,0.760361473
724.7,0.2774,4.3,8.6,13,88.2,15,4,687,0.792190533
727.3,0.2266,1.3,5,6.3,87.6,15.6,6,660,0.271546281
727.6,0.4466,4.9,9.4,14.1,68.8,4.3,11,1127,0.374136867
725.6,0.2525,3.5,7.2,10.8,78.7,-5.5,3,390,0.35071416
730.4,0.3646,5,8.2,13.3,58.6,24.8,7,925,0.888033978
731.6,0.3942,6.1,15.6,21.8,65.3,6.9,14,1106,0.640448696
730.5,0.4825,3.1,7.3,10.5,67.6,24.4,10,798,0.804666551
724.9,0.4848,1.6,10.3,12,82.7,19.6,19,1654,0.308676548
727.9,0.5075,2.5,8.5,11.1,80.6,21.3,12,1261,0.466867673
718.1,0.261,1.4,5.3,6.8,80.8,14.8,15,421,0.527330772
729.6,0.4589,7,16.8,23.9,63.4,5.5,16,1768,0.03290992
728.8,0.529,9.2,15.1,24.4,56.7,27,10,1551,0.451095449
738.9,0.5871,11,14.5,25.5,58.3,-2.9,7,892,0.975038148
726.1,0.2472,0.7,4.3,5,83.5,23.4,9,620,0.901989589
734.2,0.5452,5.9,10.3,16.3,71.8,24.9,6,1133,0.873759204
728.8,0.4063,4.8,10.6,15.5,89.3,20.6,13,1575,0.474432848
733.8,0.5334,7.7,8.7,16.5,67.8,21.1,7,1154,0.916825568
730.5,0.2686,1.7,6.4,8.1,80.8,24.3,11,928,0.324792294
726.9,0.1759,0.7,5.8,6.6,72.1,17.7,9,594,0.994931468
741,0.3942,4.6,10.8,15.5,62.2,-10.9,10,642,0.497344124
731.1,1.4539,28,29.6,57.6,73.3,4.4,25,3548,0.708536018
734.7,0.2828,5.7,8.7,14.5,71.4,-11.8,4,392,0.621468373
727,0.5989,7.9,9.6,17.7,92.7,5.3,5,711,0.669209802
731.5,0.4486,6.8,13.4,20.3,83.2,6.9,10,1146,0.590409769
721,0.3472,4.9,11.2,16.2,92.7,10.3,7,797,0.884512022
729.2,0.4264,2.2,9.7,11.9,73.2,18,10,1105,0.020120124
730.8,0.6892,4.1,7.5,11.6,65.3,21.6,12,1666,0.596940437
730.6,0.2236,1.4,5.1,6.4,71,25.2,10,709,0.289580446
720.2,0.2098,3.5,6.8,10.4,78.6,13.4,6,649,0.12588641
736.7,0.5695,2.9,12.3,14.9,38.5,16.7,9,1147,0.124413379
730.6,0.258,3.4,7.4,10.9,59.4,23.7,11,1056,0.917444881
739.3,0.2872,3.4,12.5,15.9,60.5,3.5,11,1261,0.333210158
724.5,0.4933,6.7,10.3,17.1,81.8,16.4,6,1010,0.329486547
730,0.2874,1,5.5,6.5,75.2,22,11,1214,0.396850815
721.7,0.2265,0.7,4.6,5.3,80,21.2,7,512,0.949273236
725.2,0.3308,3.8,8.1,12,65.1,6.7,4,473,0.005868045
719.7,0.5644,5.3,10.1,15.5,78.1,12.9,9,1325,0.777877705
730.8,0.3822,1.3,10.6,12,49.9,1.9,7,836,0.987929364
732.1,0.4064,1.1,5.3,6.5,68.2,21.8,11,1367,0.40651955
732.6,0.6689,2.5,7.7,10.3,72.8,25.4,16,1559,0.066111588
731.6,0.199,2.5,5.1,7.6,71,20.8,8,836,0.218790514
726.9,0.2798,4.2,10.2,14.5,91.9,0.7,10,587,0.833862682
731,0.5432,4.5,10.7,15.3,76.9,24,10,1142,0.940945682
727.1,0.6087,9.3,10.7,20.1,78.7,9.1,4,1008,0.160351602
717.2,0.4231,6,10.8,16.9,94.8,4.1,6,739,0.697116916
728.3,0.3864,2.2,6.4,8.5,77.6,24.4,10,1067,0.357477942
731.3,0.658,9.4,14.3,23.2,65.8,12.5,10,1331,0.187882523
733.7,1.22,3.7,8,11.8,81.1,24,16,1773,0.478837639
730.1,1.04,4.3,11.6,16,78.3,23.7,20,2102,0.635243006
727.5,0.3345,3.5,8.3,11.6,64.6,16.3,5,713,0.81552933
730.9,0.3975,1.9,8.8,10.7,73.8,27.8,9,1955,0.961240762
734.9,0.7168,7.1,12.6,19.8,72.3,6.4,11,1160,0.965151554
731,0.6047,8.6,11.6,20.3,78.9,22.2,16,2291,0.804674906
724.4,0.3968,2.6,7.5,10.1,80.8,8.7,10,1029,0.833049841
737.2,0.5207,2.9,10.5,13.4,59.4,20.2,13,1222,0.611610469
732.4,0.7186,5.6,21,26.7,75.6,5.1,17,1733,0.546054766
731.5,0.6659,11.2,11.4,22.6,73.3,14.8,9,1397,0.029868251
724.7,0.405,6.2,10.9,17.2,38.5,12,3,532,0.557352778
725.7,0.4826,3.5,9.3,12.9,74.7,25.1,6,1167,0.583762939
729,0.3371,2.7,6.6,9.4,80.6,2.1,7,558,0.638457458
733.3,0.2335,2.7,9.9,12.7,65.3,-7.4,14,734,0.326495316
719.9,0.3012,6.7,7.7,14.5,79,3.9,4,525,0.986377479
731.7,0.635,2.1,9.3,11.5,67.3,24.4,20,1530,0.555871401
722.8,0.3405,6,7.4,13.1,88.1,11.7,10,860,0.546839491
726.3,0.2792,1.4,9.5,10.9,61,24.6,16,1272,0.646190255
732.2,0.7266,5.3,11.6,17,65.6,25,13,1599,0.515109005
734.7,0.1881,1.5,6.4,8.1,53.9,2,7,739,0.310285996
728,0.6357,3.2,7.7,10.6,77.9,27.3,11,954,0.95114145
728.9,0.78,11.9,15.9,27.9,53.6,17,9,1667,0.758557878
731.9,0.457,13.5,13.3,26.8,89.7,5.6,10,1531,0.344700974
734.9,0.3854,3,8.4,11.5,84.4,25.1,15,1518,0.593649932
737,0.5896,19.8,12.6,32.5,75.1,9.9,8,1681,0.949662137
735.2,0.5627,10.8,12.6,23.5,45.1,2.9,8,1048,0.736705766
728.1,0.5568,13.5,14.7,28.2,71.2,17.6,12,1435,0.526366376
732.6,0.5171,3.1,12.7,15.9,81.9,10.6,9,1265,0.400670202
726.2,1.1242,7.4,21.6,29,77.7,6.8,16,1625,0.548263504
728.8,0.2297,1.1,3.7,4.8,82.8,19.9,4,433,0.179307366
731,0.3383,1.1,6.1,7.2,79.9,25.4,20,1431,0.214008111
731.9,0.397,2.1,8.1,10,83.3,24.9,18,1610,0.907603774
734.1,1.1225,13,19.8,32.9,64.2,4.8,21,3136,0.856815841
726.4,0.5449,2.4,8.9,11.4,85.7,16.8,11,893,0.244801577
727.2,0.4112,3.4,11.1,14.6,67.9,5.9,11,852,0.77585438
725.4,0.3367,5.6,8.4,14.2,67,6.4,7,685,0.041253236
731.3,0.4482,16.3,15.7,32.2,72.7,2.4,10,1560,0.447980044
724.2,0.3555,1.5,13.1,14.6,66.7,5.8,10,1134,0.558377122
726.7,0.6719,9.8,10.7,20.7,78.2,24.3,10,1885,0.399527542
728.3,0.4747,2.3,8.8,11.2,78.3,27.5,10,1498,0.842916721
732.3,0.567,6.6,13.6,20.4,62.7,23.7,7,1420,0.429121606
726,0.5314,8,7.6,15.6,85.6,22.5,4,993,0.390808334
732.4,1.0709,5.3,14.5,19.9,56.4,25.1,23,2554,0.887984605
728.9,0.2897,1.7,9.2,11,79,19.6,9,911,0.171431722
729.5,0.6767,9.6,14.9,24.7,68.1,25.7,18,2411,0.407721899
726.6,0.351,4.8,8.6,13.4,77.3,9,4,673,0.920816192
733.3,0.3098,1.9,4.4,6.4,82.2,24.1,3,2035,0.874899804
731,0.3919,10.3,16.1,26.6,80,-7,12,1164,0.015856542
725.4,0.7173,6.7,21.1,27.8,62.3,3,18,2141,0.016676279
737.1,0.4096,10.4,10.3,20.8,73.1,-3.7,10,819,0.764940733
725.4,0.4052,2.5,7.9,10.5,80,22.6,13,1069,0.704323018
728.3,0.3969,4.1,7.9,12.2,81.4,18.1,9,807,0.118079736
733.6,0.7196,30.9,25.8,56.8,57.5,1.9,18,2913,0.391566105
730.4,0.4155,4.7,9,13.7,61.9,16.7,13,1147,0.441413976
729,0.4244,2.8,8,10.9,68.5,12.5,16,2179,0.866610214
730.1,0.3232,2.1,6.3,8.4,74.1,11,8,841,0.868477905
736.8,0.5094,12.2,14.8,27.2,69.5,4.7,14,1418,0.729690705
727.7,0.4813,6.4,10,16,75.6,2.5,8,855,0.352899082
729.4,0.2671,2.1,12.8,14.9,85.8,5,11,1036,0.089710419